incident_id,date,hazard,latitude,longitude
S-00001,2022-12-30,flood,14.6,120.99
S-00002,2023-01-03,fire,14.606161,121.001633
S-00003,2023-01-05,fire,14.609737,121.004031
S-00004,2023-01-14,fire,14.609662,120.998224
S-00005,2023-01-15,fire,14.618704,120.962651
S-00006,2023-01-15,fire,14.616151,120.970188
S-00007,2023-01-26,fire,14.590112,120.956375
S-00008,2023-02-03,fire,14.613121,121.004778
S-00009,2023-02-05,fire,14.612605,120.967741
S-00010,2023-02-09,fire,14.616223,120.998933
S-00011,2023-02-09,fire,14.610641,120.997642
S-00012,2023-02-14,fire,14.589266,120.958364
S-00013,2023-02-14,fire,14.589266,120.958364
S-00014,2023-02-24,fire,14.609639,120.999817
S-00015,2023-02-24,fire,14.609639,120.999817
S-00016,2023-02-26,fire,14.593705,121.003018
S-00017,2023-02-26,fire,14.593705,121.003018
S-00018,2023-03-01,fire,14.621918,120.969061
S-00019,2023-03-01,fire,14.621918,120.969061
S-00020,2023-03-02,fire,14.59902,120.984547
S-00021,2023-03-02,fire,14.59902,120.984547
S-00022,2023-03-03,fire,14.60119,120.982689
S-00023,2023-03-03,fire,14.615271,120.994524
S-00024,2023-03-03,fire,14.615271,120.994524
S-00025,2023-03-04,fire,14.617089,120.961137
S-00026,2023-03-05,fire,14.586665,120.963393
S-00027,2023-03-05,fire,14.620009,120.969517
S-00028,2023-03-09,flood,14.583909,121.002183
S-00029,2023-03-11,fire,14.616361,120.965572
S-00030,2023-03-12,fire,14.608616,121.000064
S-00031,2023-03-14,fire,14.611362,120.997811
S-00032,2023-03-14,fire,14.590501,120.959297
S-00033,2023-03-15,fire,14.59122,120.959347
S-00034,2023-03-15,fire,14.597618,120.983847
S-00035,2023-03-20,fire,14.597891,120.983136
S-00036,2023-03-20,fire,14.5937,121.007043
S-00037,2023-03-26,fire,14.587422,120.957504
S-00038,2023-03-26,fire,14.617343,120.967904
S-00039,2023-03-30,fire,14.596643,120.978312
S-00040,2023-04-02,fire,14.601173,120.985156
S-00041,2023-04-03,fire,14.615676,120.965615
S-00042,2023-04-03,fire,14.587258,120.962069
S-00043,2023-04-03,fire,14.59941,120.984095
S-00044,2023-04-08,fire,14.58815,120.957454
S-00045,2023-04-12,fire,14.613342,120.968552
S-00046,2023-04-12,fire,14.61971,120.966994
S-00047,2023-04-13,fire,14.624499,120.967793
S-00048,2023-04-14,fire,14.591452,121.005367
S-00049,2023-04-14,fire,14.599392,120.987926
S-00050,2023-04-16,fire,14.621498,120.964581
S-00051,2023-04-17,fire,14.620357,120.96548
S-00052,2023-04-20,fire,14.6003,120.9833
S-00053,2023-04-20,fire,14.59641,120.987207
S-00054,2023-04-22,fire,14.616298,120.960109
S-00055,2023-04-23,fire,14.620157,120.96199
S-00056,2023-04-28,fire,14.601417,120.983235
S-00057,2023-04-29,fire,14.619876,120.962867
S-00058,2023-04-30,fire,14.614135,120.961117
S-00059,2023-05-01,fire,14.613511,120.9702
S-00060,2023-05-02,fire,14.617927,120.964838
S-00061,2023-05-05,fire,14.609536,120.999597
S-00062,2023-05-07,fire,14.599642,120.983637
S-00063,2023-05-09,fire,14.58999,120.962687
S-00064,2023-05-11,fire,14.618024,120.962395
S-00065,2023-05-15,fire,14.616423,120.965203
S-00066,2023-05-15,fire,14.601147,120.979743
S-00067,2023-05-18,fire,14.616296,120.962498
S-00068,2023-05-24,fire,14.614731,120.963413
S-00069,2023-05-25,fire,14.613307,121.001117
S-00070,2023-05-27,fire,14.59032,120.959128
S-00071,2023-06-07,fire,14.619553,120.966187
S-00072,2023-06-19,fire,14.589324,121.009814
S-00073,2023-06-21,fire,14.619036,120.968248
S-00074,2023-06-26,flood,14.600422,121.012524
S-00075,2023-06-26,flood,14.615414,120.97129
S-00076,2023-06-27,fire,14.617414,120.963973
S-00077,2023-06-27,flood,14.585078,120.988485
S-00078,2023-07-05,fire,14.587556,120.959093
S-00079,2023-07-05,fire,14.612825,120.999263
S-00080,2023-07-26,flood,14.611532,120.993423
S-00081,2023-07-27,fire,14.618309,120.968663
S-00082,2023-07-27,fire,14.614195,120.998497
S-00083,2023-08-03,flood,14.609142,120.992079
S-00084,2023-08-07,fire,14.609735,120.992634
S-00085,2023-08-08,fire,14.588213,120.959226
S-00086,2023-08-13,fire,14.589412,120.955287
S-00087,2023-08-16,fire,14.616066,120.96832
S-00088,2023-08-17,fire,14.618565,120.961684
S-00089,2023-08-20,fire,14.620035,120.968849
S-00090,2023-08-28,storm_surge,14.590035,120.96139
S-00091,2023-08-28,flood,14.610806,120.994108
S-00092,2023-08-30,fire,14.588579,120.962034
S-00093,2023-08-30,flood,14.583468,120.983444
S-00094,2023-08-31,fire,14.593504,121.008619
S-00095,2023-09-07,flood,14.598725,121.018127
S-00096,2023-09-08,flood,14.582576,120.97851
S-00097,2023-09-11,flood,14.599192,121.016647
S-00098,2023-09-13,fire,14.58948,120.962843
S-00099,2023-09-15,fire,14.618252,120.967502
S-00100,2023-09-16,fire,14.612742,121.000805
S-00101,2023-09-20,fire,14.615584,120.967113
S-00102,2023-09-23,fire,14.615338,120.963966
S-00103,2023-09-23,fire,14.599081,120.984112
S-00104,2023-09-28,fire,14.610704,121.001379
S-00105,2023-10-09,flood,14.579805,120.999389
S-00106,2023-10-11,fire,14.610156,121.002086
S-00107,2023-10-24,fire,14.613401,120.962961
S-00108,2023-10-28,fire,14.616907,120.960605
S-00109,2023-10-28,fire,14.597979,120.984995
S-00110,2023-11-01,fire,14.610515,120.999959
S-00111,2023-11-03,fire,14.612903,120.966337
S-00112,2023-11-09,fire,14.620116,120.970078
S-00113,2023-11-11,flood,14.611427,120.991655
S-00114,2023-11-11,storm_surge,14.570686,120.980913
S-00115,2023-11-12,fire,14.611076,121.001365
S-00116,2023-11-16,fire,14.618662,120.961109
S-00117,2023-11-25,fire,14.588898,120.961331
S-00118,2023-12-02,fire,14.616249,120.973432
S-00119,2023-12-03,fire,14.619531,120.965641
S-00120,2023-12-04,fire,14.619331,120.966191
S-00121,2023-12-07,fire,14.596637,120.985354
S-00122,2023-12-08,fire,14.610926,120.997536
S-00123,2023-12-08,fire,14.592265,121.009078
S-00124,2023-12-09,fire,14.600537,120.985936
S-00125,2023-12-10,fire,14.600584,120.983008
S-00126,2023-12-14,fire,14.599741,120.983276
S-00127,2023-12-16,fire,14.618987,120.964149
S-00128,2023-12-25,fire,14.589369,120.958861
S-00129,2023-12-28,fire,14.591678,121.007404
S-00130,2023-12-29,fire,14.607579,120.994748
S-00131,2023-12-29,fire,14.600841,120.983176
S-00132,2024-01-09,fire,14.600307,120.984408
S-00133,2024-01-11,fire,14.589647,120.959748
S-00134,2024-01-12,fire,14.599555,120.984078
S-00135,2024-01-14,fire,14.612923,121.001887
S-00136,2024-01-24,fire,14.590445,120.962194
S-00137,2024-01-27,fire,14.587582,120.959681
S-00138,2024-01-28,fire,14.597015,120.98514
S-00139,2024-02-05,fire,14.619677,120.964139
S-00140,2024-02-07,fire,14.592114,120.960533
S-00141,2024-02-14,fire,14.595759,120.983501
S-00142,2024-02-18,fire,14.590082,120.956538
S-00143,2024-02-22,fire,14.618217,120.964579
S-00144,2024-02-23,flood,14.608239,120.992827
S-00145,2024-02-25,fire,14.59691,121.007667
S-00146,2024-02-26,fire,14.613887,120.963645
S-00147,2024-02-28,fire,14.616237,120.965017
S-00148,2024-03-01,fire,14.590974,120.956476
S-00149,2024-03-04,fire,14.610142,120.962275
S-00150,2024-03-06,fire,14.620233,120.967657
S-00151,2024-03-06,fire,14.610643,121.00414
S-00152,2024-03-09,fire,14.599884,120.983801
S-00153,2024-03-10,fire,14.591379,120.959494
S-00154,2024-03-14,fire,14.612044,120.99996
S-00155,2024-03-14,fire,14.616912,120.966639
S-00156,2024-03-18,fire,14.619774,120.963653
S-00157,2024-03-21,fire,14.611737,120.9954
S-00158,2024-03-21,fire,14.617624,120.962165
S-00159,2024-03-22,fire,14.608241,120.996599
S-00160,2024-03-29,fire,14.614718,120.967605
S-00161,2024-04-02,fire,14.618337,120.967428
S-00162,2024-04-05,fire,14.616842,120.962307
S-00163,2024-04-08,fire,14.600363,120.98372
S-00164,2024-04-10,fire,14.597156,120.984585
S-00165,2024-04-13,fire,14.613519,120.966672
S-00166,2024-04-13,fire,14.611156,121.000737
S-00167,2024-04-17,fire,14.616126,120.966251
S-00168,2024-04-29,fire,14.59315,121.00999
S-00169,2024-04-30,fire,14.608317,121.00394
S-00170,2024-05-01,fire,14.598004,120.985837
S-00171,2024-05-02,fire,14.590045,120.956854
S-00172,2024-05-05,fire,14.597947,120.988103
S-00173,2024-05-06,fire,14.612342,120.999233
S-00174,2024-05-10,fire,14.609946,120.999897
S-00175,2024-05-12,fire,14.610533,120.997885
S-00176,2024-05-13,fire,14.599061,120.984368
S-00177,2024-05-14,fire,14.598759,120.982925
S-00178,2024-05-15,fire,14.611132,121.002481
S-00179,2024-05-15,fire,14.616835,120.959723
S-00180,2024-05-30,flood,14.599847,121.013559
S-00181,2024-06-04,fire,14.614361,121.000187
S-00182,2024-06-09,fire,14.587955,120.958586
S-00183,2024-06-15,flood,14.61066,120.989786
S-00184,2024-06-19,flood,14.578447,120.982276
S-00185,2024-06-28,fire,14.589851,120.959976
S-00186,2024-07-10,flood,14.578757,121.000999
S-00187,2024-07-19,storm_surge,14.589295,120.959876
S-00188,2024-07-20,flood,14.606745,120.996015
S-00189,2024-07-20,flood,14.618224,120.965225
S-00190,2024-07-20,flood,14.60883,120.987312
S-00191,2024-07-20,flood,14.609768,120.99356
S-00192,2024-07-20,flood,14.575946,120.996667
S-00193,2024-07-20,storm_surge,14.593659,120.959604
S-00194,2024-07-20,flood,14.57475,120.995566
S-00195,2024-07-20,storm_surge,14.589314,120.963071
S-00196,2024-07-20,storm_surge,14.623206,120.964506
S-00197,2024-07-21,storm_surge,14.585426,120.962439
S-00198,2024-07-21,flood,14.578521,120.982773
S-00199,2024-07-21,storm_surge,14.62514,120.964317
S-00200,2024-07-21,flood,14.577993,120.999411
S-00201,2024-07-21,flood,14.599219,121.014114
S-00202,2024-07-21,flood,14.619295,120.967805
S-00203,2024-07-21,flood,14.607897,120.993813
S-00204,2024-07-21,flood,14.610344,120.998663
S-00205,2024-07-21,storm_surge,14.587619,120.96245
S-00206,2024-07-21,flood,14.608957,120.989174
S-00207,2024-07-21,flood,14.610761,120.99122
S-00208,2024-07-21,flood,14.582517,120.990835
S-00209,2024-07-21,storm_surge,14.588704,120.964659
S-00210,2024-07-21,storm_surge,14.585331,120.9641
S-00211,2024-07-22,flood,14.584597,120.988779
S-00212,2024-07-22,flood,14.584427,120.982356
S-00213,2024-07-22,storm_surge,14.589407,120.961113
S-00214,2024-07-22,flood,14.582624,120.987093
S-00215,2024-07-22,flood,14.617099,120.964973
S-00216,2024-07-22,storm_surge,14.586992,120.95921
S-00217,2024-07-23,flood,14.619747,120.963852
S-00218,2024-07-23,flood,14.612043,120.993875
S-00219,2024-07-23,flood,14.606382,120.996018
S-00220,2024-07-26,fire,14.588547,120.960233
S-00221,2024-07-27,storm_surge,14.588732,120.9629
S-00222,2024-07-28,fire,14.613704,120.999256
S-00223,2024-07-28,fire,14.596492,120.981544
S-00224,2024-07-28,fire,14.610377,120.999482
S-00225,2024-07-31,flood,14.608414,120.997358
S-00226,2024-07-31,flood,14.583478,120.987335
S-00227,2024-08-01,flood,14.582445,120.987997
S-00228,2024-08-01,flood,14.579198,121.000176
S-00229,2024-08-01,flood,14.60168,121.015015
S-00230,2024-08-01,flood,14.620899,120.966277
S-00231,2024-08-02,flood,14.61544,120.963556
S-00232,2024-08-03,flood,14.4005,121.2001
S-00233,2024-08-04,fire,15.12,120.59
S-00234,2024-08-05,landslide,14.6,120.99
S-00235,2024-08-09,fire,14.609138,120.958635
S-00236,2024-08-10,fire,14.597788,120.981862
S-00237,2024-08-12,fire,14.599353,120.982906
S-00238,2024-08-22,fire,14.611379,120.966036
S-00239,2024-08-24,flood,14.577961,120.998569
S-00240,2024-08-25,flood,14.608228,120.993982
S-00241,2024-08-27,flood,14.618081,120.965153
S-00242,2024-08-27,fire,14.598418,120.983068
S-00243,2024-09-03,fire,14.620838,120.966137
S-00244,2024-09-14,fire,14.62149,120.965138
S-00245,2024-09-16,fire,14.612454,120.965606
S-00246,2024-09-19,fire,14.61867,120.958576
S-00247,2024-09-19,fire,14.590197,121.004787
S-00248,2024-09-20,flood,14.584034,120.984185
S-00249,2024-09-23,fire,14.594388,121.011067
S-00250,2024-10-11,fire,14.592998,121.008501
S-00251,2024-10-16,flood,14.580163,121.000906
S-00252,2024-10-16,flood,14.618486,120.964394
S-00253,2024-10-17,flood,14.601037,121.010731
S-00254,2024-10-17,storm_surge,14.590253,120.962122
S-00255,2024-10-17,flood,14.609112,120.992896
S-00256,2024-10-17,storm_surge,14.588753,120.963785
S-00257,2024-10-17,flood,14.609209,120.993358
S-00258,2024-10-17,flood,14.599783,121.012787
S-00259,2024-10-23,fire,14.616608,120.965579
S-00260,2024-10-24,fire,14.619969,120.964658
S-00261,2024-11-04,fire,14.591211,121.007377
S-00262,2024-11-05,fire,14.621414,120.961044
S-00263,2024-11-13,fire,14.617823,120.964509
S-00264,2024-11-19,flood,14.615372,120.997651
S-00265,2024-12-01,fire,14.590796,121.007228
S-00266,2024-12-12,fire,14.613403,120.963988
S-00267,2024-12-15,fire,14.610615,121.000629
S-00268,2024-12-15,fire,14.61915,120.964302
S-00269,2024-12-15,fire,14.613238,120.964862
S-00270,2024-12-18,fire,14.612259,120.998327
S-00271,2024-12-25,fire,14.615293,120.965374
S-00272,2024-12-27,fire,14.620952,120.965546
S-00273,2025-01-01,fire,14.617263,120.963001
S-00274,2025-01-02,fire,14.600381,120.984793
S-00275,2025-01-02,fire,14.618328,120.966117
S-00276,2025-01-04,fire,14.613754,121.003035
S-00277,2025-01-12,fire,14.593641,121.01286
S-00278,2025-01-16,flood,14.614666,120.992182
S-00279,2025-01-17,fire,14.590803,120.960028
S-00280,2025-01-18,fire,14.588204,120.960734
S-00281,2025-01-23,fire,14.61593,120.959939
S-00282,2025-01-26,fire,14.613587,120.962482
S-00283,2025-01-27,fire,14.619039,120.966075
S-00284,2025-02-01,fire,14.596956,120.985274
S-00285,2025-02-02,fire,14.59091,120.958647
S-00286,2025-02-02,fire,14.593873,121.009707
S-00287,2025-02-15,fire,14.616555,121.001891
S-00288,2025-03-09,fire,14.588824,120.960912
S-00289,2025-03-09,fire,14.599311,120.983847
S-00290,2025-03-15,fire,14.591014,120.958759
S-00291,2025-03-21,fire,14.616503,120.961999
S-00292,2025-03-21,fire,14.619254,120.962755
S-00293,2025-03-24,fire,14.600175,120.983559
S-00294,2025-03-24,fire,14.600591,120.982486
S-00295,2025-03-28,fire,14.609059,121.00161
S-00296,2025-03-30,fire,14.619124,120.963308
S-00297,2025-03-30,fire,14.622506,120.963635
S-00298,2025-03-30,fire,14.611845,120.96349
S-00299,2025-04-05,fire,14.610435,120.997631
S-00300,2025-04-06,fire,14.61976,120.966425
S-00301,2025-04-06,fire,14.600345,120.985526
S-00302,2025-04-07,fire,14.61352,121.000187
S-00303,2025-04-07,fire,14.620281,120.965194
S-00304,2025-04-07,fire,14.590032,121.006377
S-00305,2025-04-07,fire,14.6137,120.963652
S-00306,2025-04-11,fire,14.593769,120.960343
S-00307,2025-04-17,fire,14.615812,120.961372
S-00308,2025-04-18,fire,14.611081,120.96681
S-00309,2025-04-19,fire,14.613338,121.003841
S-00310,2025-04-19,fire,14.597595,120.983545
S-00311,2025-04-26,fire,14.613943,120.996349
S-00312,2025-04-27,fire,14.59228,121.009331
S-00313,2025-05-04,fire,14.620891,120.970138
S-00314,2025-05-04,fire,14.595355,120.9794
S-00315,2025-05-06,fire,14.616001,120.967799
S-00316,2025-05-09,fire,14.610446,120.999596
S-00317,2025-05-10,fire,14.618376,120.963633
S-00318,2025-05-15,fire,14.617313,120.962066
S-00319,2025-05-20,fire,14.609778,120.997246
S-00320,2025-05-21,fire,14.589414,120.963233
S-00321,2025-05-22,fire,14.591068,120.959154
S-00322,2025-05-22,fire,14.615352,120.965571
S-00323,2025-05-22,fire,14.593388,121.006814
S-00324,2025-05-23,fire,14.619434,120.967008
S-00325,2025-05-25,fire,14.613924,121.002687
S-00326,2025-05-25,fire,14.609118,121.001033
S-00327,2025-05-28,fire,14.616546,120.967538
S-00328,2025-05-31,fire,14.613063,120.965773
S-00329,2025-05-31,fire,14.596937,120.983582
S-00330,2025-06-02,fire,14.58847,121.006162
S-00331,2025-06-02,fire,14.615035,120.964077
S-00332,2025-06-04,fire,14.612316,120.968828
S-00333,2025-06-11,fire,14.618492,120.964128
S-00334,2025-06-18,fire,14.617511,120.965448
S-00335,2025-06-21,flood,14.609985,120.990619
S-00336,2025-06-24,flood,14.610569,120.993272
S-00337,2025-06-29,fire,14.614897,121.000715
S-00338,2025-06-29,fire,14.587458,121.012201
S-00339,2025-07-01,fire,14.615766,120.962119
S-00340,2025-07-05,fire,14.599168,120.984937
S-00341,2025-07-07,fire,14.590018,121.008433
S-00342,2025-07-15,fire,14.599165,120.984276
S-00343,2025-07-18,flood,14.603756,120.989737
S-00344,2025-07-19,storm_surge,14.588834,120.966043
S-00345,2025-07-19,storm_surge,14.587928,120.96414
S-00346,2025-07-19,storm_surge,14.574733,120.979345
S-00347,2025-07-19,flood,14.581747,120.982773
S-00348,2025-07-20,storm_surge,14.590225,120.963349
S-00349,2025-07-20,flood,14.611582,120.992219
S-00350,2025-07-20,flood,14.619474,120.968359
S-00351,2025-07-20,flood,14.581323,120.997563
S-00352,2025-07-22,flood,14.61393,120.965044
S-00353,2025-07-23,fire,14.611275,121.003999
S-00354,2025-07-23,fire,14.598012,120.98358
S-00355,2025-07-25,flood,14.616232,120.968929
S-00356,2025-07-26,flood,14.608354,120.992669
S-00357,2025-07-26,flood,14.582751,120.984478
S-00358,2025-07-26,flood,14.60156,121.010007
S-00359,2025-07-26,storm_surge,14.588793,120.961367
S-00360,2025-07-27,flood,14.608697,120.99515
S-00361,2025-07-27,flood,14.581319,120.996316
S-00362,2025-07-27,flood,14.617066,120.970705
S-00363,2025-07-27,flood,14.578741,120.996097
S-00364,2025-07-31,fire,14.589397,121.007189
S-00365,2025-08-04,flood,14.575262,121.002713
S-00366,2025-08-05,storm_surge,14.586904,120.963905
S-00367,2025-08-05,flood,14.61485,120.993777
S-00368,2025-08-05,flood,14.621862,120.963232
S-00369,2025-08-05,flood,14.60675,120.994627
S-00370,2025-08-05,storm_surge,14.572837,120.981665
S-00371,2025-08-19,fire,14.586912,120.958497
S-00372,2025-08-24,flood,14.620735,120.967765
S-00373,2025-08-24,flood,14.599814,121.009852
S-00374,2025-08-24,storm_surge,14.588468,120.961649
S-00375,2025-08-24,flood,14.622431,120.967483
S-00376,2025-08-24,storm_surge,14.587125,120.964376
S-00377,2025-08-24,storm_surge,14.588299,120.963108
S-00378,2025-08-24,storm_surge,14.620744,120.95887
S-00379,2025-08-25,fire,14.609652,120.997804
S-00380,2025-08-26,flood,14.585232,120.984037
S-00381,2025-09-02,fire,14.590329,121.00393
S-00382,2025-09-03,fire,14.599386,120.98412
S-00383,2025-09-08,flood,14.617933,120.965943
S-00384,2025-09-08,storm_surge,14.585416,120.959391
S-00385,2025-09-08,storm_surge,14.57187,120.981531
S-00386,2025-09-09,fire,14.590723,120.955756
S-00387,2025-09-09,flood,14.608367,120.994835
S-00388,2025-09-09,storm_surge,14.588817,120.96053
S-00389,2025-09-09,storm_surge,14.574086,120.979988
S-00390,2025-09-09,storm_surge,14.572248,120.978923
S-00391,2025-09-11,flood,14.624463,120.961465
S-00392,2025-09-12,flood,14.609468,120.994463
S-00393,2025-09-13,storm_surge,14.573187,120.979947
S-00394,2025-09-13,storm_surge,14.586948,120.961644
S-00395,2025-09-13,flood,14.611195,120.996066
S-00396,2025-09-14,flood,14.586017,120.986467
S-00397,2025-09-25,fire,14.597006,120.98652
S-00398,2025-10-01,fire,14.590975,121.007259
S-00399,2025-10-10,fire,14.613892,120.967687
S-00400,2025-10-12,fire,14.6115,120.995
S-00401,2025-10-14,flood,14.60485,120.991833
S-00402,2025-10-18,fire,14.609019,121.001796
S-00403,2025-10-18,fire,14.596119,120.983016
S-00404,2025-10-21,flood,14.596487,121.010749
S-00405,2025-10-25,fire,14.610331,121.002935
S-00406,2025-10-30,fire,14.58938,120.956055
S-00407,2025-11-02,fire,14.615207,120.965151
S-00408,2025-11-03,fire,14.597873,120.983297
S-00409,2025-11-09,flood,14.610012,120.991966
S-00410,2025-11-11,fire,14.588475,120.96005
S-00411,2025-11-18,fire,14.601307,120.984833
S-00412,2025-11-21,fire,14.594374,121.010354
S-00413,2025-11-22,fire,14.615768,120.998869
S-00414,2025-11-23,fire,14.615155,120.959334
S-00415,2025-12-01,fire,14.611452,120.963678
S-00416,2025-12-02,fire,14.617473,120.970538
S-00417,2025-12-08,fire,14.619244,120.965202
S-00418,2025-12-08,fire,14.61584,120.966064
S-00419,2025-12-12,fire,14.614879,120.966034
S-00420,2025-12-14,fire,14.616317,120.961484
S-00421,2025-12-15,fire,14.588764,121.009148
S-00422,2025-12-19,fire,14.600436,120.982408
S-00423,2025-12-20,fire,14.593486,120.956715
S-00424,2025-12-24,fire,14.597438,120.98729
S-00425,2025-12-26,fire,14.589257,120.959681
S-00426,2025-12-27,fire,14.603958,120.985825
S-00427,not a date,fire,14.6,120.99
