date,rainfall_total_mm,rainfall_max_hourly_mm,typhoon_signal,max_wind_kph,storm_surge_m
2023-01-01,0.0,0.0,0,11.1,0.0
2023-01-02,0.0,0.0,0,10.3,0.0
2023-01-03,6.8,2.8,0,12.8,0.0
2023-01-04,0.0,0.0,0,25.1,0.0
2023-01-05,0.0,0.0,0,28.2,0.0
2023-01-06,0.0,0.0,0,22.8,0.0
2023-01-07,0.0,0.0,0,20.1,0.0
2023-01-08,0.0,0.0,0,21.0,0.0
2023-01-09,0.0,0.0,0,29.8,0.0
2023-01-10,0.0,0.0,0,13.6,0.0
2023-01-11,5.5,1.7,0,20.5,0.0
2023-01-12,0.0,0.0,0,23.3,0.0
2023-01-13,0.0,0.0,0,27.4,0.0
2023-01-14,7.3,1.2,0,23.6,0.0
2023-01-15,0.0,0.0,0,19.6,0.0
2023-01-16,0.0,0.0,0,23.2,0.0
2023-01-17,0.4,0.1,0,20.2,0.0
2023-01-18,0.0,0.0,0,13.4,0.0
2023-01-19,0.0,0.0,0,14.0,0.0
2023-01-20,34.2,5.9,0,28.4,0.0
2023-01-21,0.0,0.0,0,12.1,0.0
2023-01-22,6.0,2.5,0,27.2,0.0
2023-01-23,5.0,2.3,0,11.1,0.0
2023-01-24,0.0,0.0,0,11.9,0.0
2023-01-25,0.0,0.0,0,26.8,0.0
2023-01-26,0.0,0.0,0,25.1,0.0
2023-01-27,0.0,0.0,0,10.7,0.0
2023-01-28,0.0,0.0,0,29.1,0.0
2023-01-29,0.0,0.0,0,20.1,0.0
2023-01-30,0.0,0.0,0,24.3,0.0
2023-01-31,8.0,3.2,0,23.5,0.0
2023-02-01,0.0,0.0,0,13.6,0.0
2023-02-02,0.0,0.0,0,10.4,0.0
2023-02-03,0.0,0.0,0,15.3,0.0
2023-02-04,0.0,0.0,0,23.8,0.0
2023-02-05,0.0,0.0,0,9.9,0.0
2023-02-06,0.0,0.0,0,28.8,0.0
2023-02-07,0.0,0.0,0,15.2,0.0
2023-02-08,0.0,0.0,0,11.0,0.0
2023-02-09,0.0,0.0,0,29.8,0.0
2023-02-10,0.0,0.0,0,20.0,0.0
2023-02-11,0.0,0.0,0,8.7,0.0
2023-02-12,0.0,0.0,0,28.5,0.0
2023-02-13,0.0,0.0,0,21.2,0.0
2023-02-14,0.0,0.0,0,18.4,0.0
2023-02-15,0.0,0.0,0,22.2,0.0
2023-02-16,0.0,0.0,0,13.3,0.0
2023-02-17,0.0,0.0,0,13.6,0.0
2023-02-18,0.0,0.0,0,18.6,0.0
2023-02-19,0.0,0.0,0,20.6,0.0
2023-02-20,0.0,0.0,0,30.0,0.0
2023-02-21,0.0,0.0,0,22.9,0.0
2023-02-22,0.0,0.0,0,23.9,0.0
2023-02-23,0.0,0.0,0,13.6,0.0
2023-02-24,0.0,0.0,0,26.9,0.0
2023-02-25,0.0,0.0,0,25.8,0.0
2023-02-26,0.0,0.0,0,8.7,0.0
2023-02-27,0.0,0.0,0,9.2,0.0
2023-02-28,0.0,0.0,0,10.0,0.0
2023-03-01,0.0,0.0,0,14.4,0.0
2023-03-02,0.0,0.0,0,17.6,0.0
2023-03-03,0.0,0.0,0,24.1,0.0
2023-03-04,0.0,0.0,0,12.3,0.0
2023-03-05,0.0,0.0,0,22.5,0.0
2023-03-06,4.1,1.7,0,26.4,0.0
2023-03-07,0.0,0.0,0,20.9,0.0
2023-03-08,0.0,0.0,0,14.8,0.0
2023-03-09,1.4,0.5,0,29.1,0.0
2023-03-10,0.0,0.0,0,14.6,0.0
2023-03-11,0.0,0.0,0,14.2,0.0
2023-03-12,0.0,0.0,0,10.1,0.0
2023-03-13,0.0,0.0,0,17.6,0.0
2023-03-14,6.8,3.0,0,8.7,0.0
2023-03-15,0.0,0.0,0,15.6,0.0
2023-03-16,0.0,0.0,0,29.5,0.0
2023-03-17,0.0,0.0,0,14.7,0.0
2023-03-18,0.0,0.0,0,10.6,0.0
2023-03-19,0.0,0.0,0,12.5,0.0
2023-03-20,0.0,0.0,0,15.2,0.0
2023-03-21,0.0,0.0,0,17.9,0.0
2023-03-22,0.0,0.0,0,21.8,0.0
2023-03-23,0.0,0.0,0,16.8,0.0
2023-03-24,0.0,0.0,0,23.1,0.0
2023-03-25,23.8,5.6,0,12.3,0.0
2023-03-26,0.0,0.0,0,17.3,0.0
2023-03-27,0.0,0.0,0,10.7,0.0
2023-03-28,0.0,0.0,0,20.2,0.0
2023-03-29,0.0,0.0,0,28.8,0.0
2023-03-30,0.0,0.0,0,14.2,0.0
2023-03-31,0.0,0.0,0,24.3,0.0
2023-04-01,0.0,0.0,0,17.9,0.0
2023-04-02,0.0,0.0,0,28.7,0.0
2023-04-03,0.0,0.0,0,22.6,0.0
2023-04-04,0.0,0.0,0,22.0,0.0
2023-04-05,0.0,0.0,0,22.8,0.0
2023-04-06,0.0,0.0,0,11.0,0.0
2023-04-07,0.0,0.0,0,26.2,0.0
2023-04-08,0.0,0.0,0,29.3,0.0
2023-04-09,0.0,0.0,0,15.8,0.0
2023-04-10,0.0,0.0,0,24.7,0.0
2023-04-11,0.0,0.0,0,13.3,0.0
2023-04-12,6.5,1.9,0,14.6,0.0
2023-04-13,0.0,0.0,0,25.9,0.0
2023-04-14,0.0,0.0,0,23.8,0.0
2023-04-15,0.0,0.0,0,12.7,0.0
2023-04-16,0.0,0.0,0,8.7,0.0
2023-04-17,0.0,0.0,0,26.7,0.0
2023-04-18,0.0,0.0,0,29.6,0.0
2023-04-19,0.0,0.0,0,16.4,0.0
2023-04-20,0.0,0.0,0,15.0,0.0
2023-04-21,0.0,0.0,0,12.5,0.0
2023-04-22,3.6,0.7,0,22.8,0.0
2023-04-23,0.0,0.0,0,11.3,0.0
2023-04-24,0.0,0.0,0,13.5,0.0
2023-04-25,0.0,0.0,0,17.6,0.0
2023-04-26,0.0,0.0,0,19.0,0.0
2023-04-27,0.0,0.0,0,12.6,0.0
2023-04-28,0.0,0.0,0,20.5,0.0
2023-04-29,0.0,0.0,0,16.1,0.0
2023-04-30,0.0,0.0,0,10.7,0.0
2023-05-01,0.0,0.0,0,12.1,0.0
2023-05-02,0.0,0.0,0,18.0,0.0
2023-05-03,0.0,0.0,0,19.9,0.0
2023-05-04,0.0,0.0,0,14.3,0.0
2023-05-05,0.0,0.0,0,19.6,0.0
2023-05-06,0.0,0.0,0,29.0,0.0
2023-05-07,0.0,0.0,0,13.5,0.0
2023-05-08,0.0,0.0,0,14.1,0.0
2023-05-09,0.0,0.0,0,29.9,0.0
2023-05-10,0.0,0.0,0,22.1,0.0
2023-05-11,0.0,0.0,0,17.0,0.0
2023-05-12,0.5,0.1,0,20.0,0.0
2023-05-13,0.0,0.0,0,26.2,0.0
2023-05-14,0.0,0.0,0,19.8,0.0
2023-05-15,0.0,0.0,0,27.0,0.0
2023-05-16,0.0,0.0,0,14.2,0.0
2023-05-17,0.0,0.0,0,23.4,0.0
2023-05-18,0.0,0.0,0,29.6,0.0
2023-05-19,0.0,0.0,0,22.5,0.0
2023-05-20,0.0,0.0,0,10.3,0.0
2023-05-21,0.0,0.0,0,17.4,0.0
2023-05-22,0.0,0.0,0,14.5,0.0
2023-05-23,0.0,0.0,0,17.9,0.0
2023-05-24,0.0,0.0,0,22.2,0.0
2023-05-25,0.0,0.0,0,22.2,0.0
2023-05-26,0.0,0.0,0,21.6,0.0
2023-05-27,0.0,0.0,0,23.4,0.0
2023-05-28,0.0,0.0,0,15.2,0.0
2023-05-29,0.0,0.0,0,23.8,0.0
2023-05-30,0.0,0.0,0,29.0,0.0
2023-05-31,0.0,0.0,0,12.6,0.0
2023-06-01,0.0,0.0,0,20.6,0.0
2023-06-02,0.0,0.0,0,16.4,0.0
2023-06-03,0.0,0.0,0,22.9,0.0
2023-06-04,1.0,0.3,0,24.6,0.0
2023-06-05,0.0,0.0,0,21.3,0.0
2023-06-06,10.0,3.2,0,18.2,0.0
2023-06-07,0.0,0.0,0,28.2,0.0
2023-06-08,0.0,0.0,0,8.4,0.0
2023-06-09,0.0,0.0,0,21.7,0.0
2023-06-10,32.8,8.1,0,28.3,0.0
2023-06-11,41.8,19.7,0,28.4,0.0
2023-06-12,18.6,8.5,0,26.5,0.0
2023-06-13,22.6,8.9,0,15.6,0.0
2023-06-14,16.6,6.8,0,24.8,0.0
2023-06-15,0.0,0.0,0,13.4,0.0
2023-06-16,0.0,0.0,0,21.3,0.0
2023-06-17,0.0,0.0,0,16.1,0.0
2023-06-18,58.0,26.2,0,12.8,0.0
2023-06-19,18.5,8.4,0,16.7,0.0
2023-06-20,2.0,0.4,0,10.9,0.0
2023-06-21,16.6,4.7,0,22.1,0.0
2023-06-22,10.5,3.3,0,26.0,0.0
2023-06-23,0.0,0.0,0,22.8,0.0
2023-06-24,3.0,0.9,0,12.2,0.0
2023-06-25,0.0,0.0,0,22.6,0.0
2023-06-26,65.6,30.8,0,24.4,0.0
2023-06-27,12.6,2.9,0,23.1,0.0
2023-06-28,18.5,3.0,0,8.0,0.0
2023-06-29,0.0,0.0,0,17.1,0.0
2023-06-30,0.0,0.0,0,9.2,0.0
2023-07-01,23.8,8.2,0,22.2,0.0
2023-07-02,0.0,0.0,0,14.3,0.0
2023-07-03,0.0,0.0,0,18.2,0.0
2023-07-04,18.1,5.0,0,26.1,0.0
2023-07-05,0.7,0.1,0,28.2,0.0
2023-07-06,23.3,5.8,0,18.2,0.0
2023-07-07,59.7,19.9,0,14.3,0.0
2023-07-08,4.9,1.5,0,25.2,0.0
2023-07-09,2.4,0.8,0,20.1,0.0
2023-07-10,23.6,9.5,0,26.3,0.0
2023-07-11,0.0,0.0,0,12.8,0.0
2023-07-12,8.7,2.9,0,20.9,0.0
2023-07-13,5.1,1.4,0,28.3,0.0
2023-07-14,0.0,0.0,0,8.0,0.0
2023-07-15,51.9,24.4,1,92.8,0.0
2023-07-16,45.7,10.1,1,81.1,0.0
2023-07-17,43.0,13.6,1,93.5,0.0
2023-07-18,0.0,0.0,0,28.1,0.0
2023-07-19,33.1,15.1,0,17.7,0.0
2023-07-20,7.7,2.9,0,11.2,0.0
2023-07-21,0.0,0.0,0,9.6,0.0
2023-07-22,7.0,2.9,0,21.9,0.0
2023-07-23,43.1,15.0,0,19.2,0.0
2023-07-24,13.2,4.0,0,15.3,0.0
2023-07-25,0.0,0.0,0,25.4,0.0
2023-07-26,37.4,16.0,0,9.0,0.0
2023-07-27,0.0,0.0,0,17.8,0.0
2023-07-28,17.9,4.5,0,24.8,0.0
2023-07-29,4.7,1.5,0,9.2,0.0
2023-07-30,24.3,9.8,0,17.6,0.0
2023-07-31,15.9,5.2,0,16.1,0.0
2023-08-01,16.4,4.8,0,22.0,0.0
2023-08-02,0.0,0.0,0,28.6,0.0
2023-08-03,3.0,1.5,0,18.7,0.0
2023-08-04,6.9,1.6,0,25.0,0.0
2023-08-05,0.0,0.0,0,9.0,0.0
2023-08-06,0.0,0.0,0,13.2,0.0
2023-08-07,0.0,0.0,0,10.2,0.0
2023-08-08,17.6,7.9,0,17.8,0.0
2023-08-09,0.0,0.0,0,10.1,0.0
2023-08-10,6.5,2.4,0,26.6,0.0
2023-08-11,24.2,7.1,0,29.2,0.0
2023-08-12,1.9,0.5,0,26.5,0.0
2023-08-13,6.8,1.4,0,17.5,0.0
2023-08-14,10.9,4.3,0,15.1,0.0
2023-08-15,14.4,2.3,0,29.8,0.0
2023-08-16,0.0,0.0,0,28.1,0.0
2023-08-17,13.7,6.3,0,10.8,0.0
2023-08-18,27.9,7.9,0,20.5,0.0
2023-08-19,12.5,6.0,0,10.5,0.0
2023-08-20,7.8,2.6,0,26.5,0.0
2023-08-21,0.0,0.0,0,24.0,0.0
2023-08-22,0.0,0.0,0,29.6,0.0
2023-08-23,19.5,4.2,0,28.7,0.0
2023-08-24,41.3,7.8,0,10.7,0.0
2023-08-25,30.0,5.8,0,13.0,0.0
2023-08-26,26.6,10.4,1,79.4,0.0
2023-08-27,61.0,22.1,1,85.3,0.0
2023-08-28,144.8,60.5,2,95.1,1.0
2023-08-29,55.9,13.4,1,74.3,0.0
2023-08-30,4.7,1.0,0,15.5,0.0
2023-08-31,16.1,4.5,0,19.1,0.0
2023-09-01,0.0,0.0,0,15.2,0.0
2023-09-02,27.0,8.9,0,28.7,0.0
2023-09-03,0.0,0.0,0,10.6,0.0
2023-09-04,0.0,0.0,0,16.5,0.0
2023-09-05,48.0,11.2,1,70.8,0.0
2023-09-06,60.6,13.1,1,74.7,0.0
2023-09-07,68.7,22.1,1,80.2,0.0
2023-09-08,68.9,26.7,1,74.8,0.0
2023-09-09,7.0,3.4,0,10.7,0.0
2023-09-10,14.9,5.4,0,10.6,0.0
2023-09-11,35.5,8.6,0,16.1,0.0
2023-09-12,4.9,0.8,0,13.6,0.0
2023-09-13,20.9,6.3,0,11.0,0.0
2023-09-14,6.1,2.2,0,14.3,0.0
2023-09-15,9.8,1.6,0,20.9,0.0
2023-09-16,7.8,3.4,0,22.3,0.0
2023-09-17,31.4,15.6,0,28.2,0.0
2023-09-18,0.0,0.0,0,14.1,0.0
2023-09-19,34.4,16.1,0,12.0,0.0
2023-09-20,0.0,0.0,0,21.8,0.0
2023-09-21,17.4,4.5,0,15.3,0.0
2023-09-22,38.0,17.9,0,24.0,0.0
2023-09-23,11.5,4.7,0,9.8,0.0
2023-09-24,16.4,5.8,0,27.5,0.0
2023-09-25,8.1,3.5,0,17.6,0.0
2023-09-26,16.9,4.2,0,23.9,0.0
2023-09-27,0.0,0.0,0,13.3,0.0
2023-09-28,11.4,5.3,0,8.2,0.0
2023-09-29,10.5,3.6,0,23.4,0.0
2023-09-30,33.2,16.2,0,29.0,0.0
2023-10-01,0.0,0.0,0,20.1,0.0
2023-10-02,0.0,0.0,0,29.5,0.0
2023-10-03,26.3,7.1,0,28.1,0.0
2023-10-04,22.6,10.9,0,20.6,0.0
2023-10-05,16.2,7.8,0,16.3,0.0
2023-10-06,6.9,1.6,0,12.6,0.0
2023-10-07,8.7,1.7,0,20.6,0.0
2023-10-08,18.5,6.7,0,14.0,0.0
2023-10-09,60.3,22.6,0,21.7,0.0
2023-10-10,0.0,0.0,0,23.6,0.0
2023-10-11,0.0,0.0,0,20.8,0.0
2023-10-12,24.0,4.1,0,14.9,0.0
2023-10-13,1.5,0.3,0,11.4,0.0
2023-10-14,0.0,0.0,0,14.7,0.0
2023-10-15,6.0,2.3,0,12.8,0.0
2023-10-16,0.0,0.0,0,22.0,0.0
2023-10-17,14.1,6.1,0,12.7,0.0
2023-10-18,0.0,0.0,0,10.4,0.0
2023-10-19,12.4,3.1,0,11.5,0.0
2023-10-20,15.6,5.0,0,25.9,0.0
2023-10-21,25.6,9.5,0,11.8,0.0
2023-10-22,10.5,2.3,0,11.2,0.0
2023-10-23,13.3,6.2,0,18.1,0.0
2023-10-24,0.0,0.0,0,18.5,0.0
2023-10-25,37.6,17.9,0,20.8,0.0
2023-10-26,13.0,3.0,0,18.6,0.0
2023-10-27,28.0,11.0,0,26.0,0.0
2023-10-28,6.0,1.2,0,11.3,0.0
2023-10-29,38.3,8.6,0,14.3,0.0
2023-10-30,12.7,4.1,0,24.0,0.0
2023-10-31,38.2,11.8,0,10.8,0.0
2023-11-01,14.3,3.7,0,16.5,0.0
2023-11-02,11.1,2.4,0,9.3,0.0
2023-11-03,0.0,0.0,0,16.0,0.0
2023-11-04,30.6,10.8,0,13.6,0.0
2023-11-05,23.1,7.8,0,10.6,0.0
2023-11-06,6.3,1.6,0,25.9,0.0
2023-11-07,0.0,0.0,0,28.9,0.0
2023-11-08,29.8,7.1,1,74.7,0.0
2023-11-09,23.5,3.5,1,89.4,0.0
2023-11-10,12.4,5.3,1,80.9,0.0
2023-11-11,159.2,68.6,2,107.7,1.7
2023-11-12,0.0,0.0,0,27.7,0.0
2023-11-13,6.8,3.4,0,11.6,0.0
2023-11-14,0.0,0.0,0,26.0,0.0
2023-11-15,0.0,0.0,0,10.3,0.0
2023-11-16,0.0,0.0,0,12.4,0.0
2023-11-17,0.0,0.0,0,15.6,0.0
2023-11-18,51.7,20.5,0,25.6,0.0
2023-11-19,7.7,1.8,0,26.5,0.0
2023-11-20,32.6,8.0,0,27.0,0.0
2023-11-21,0.0,0.0,0,17.4,0.0
2023-11-22,4.1,1.6,0,15.8,0.0
2023-11-23,54.2,11.7,0,8.9,0.0
2023-11-24,23.7,10.5,0,19.1,0.0
2023-11-25,2.8,0.6,0,21.8,0.0
2023-11-26,4.6,1.8,0,14.6,0.0
2023-11-27,0.0,0.0,0,15.2,0.0
2023-11-28,0.0,0.0,0,27.7,0.0
2023-11-29,0.0,0.0,0,17.2,0.0
2023-11-30,28.7,10.5,0,20.6,0.0
2023-12-01,9.4,4.1,0,23.2,0.0
2023-12-02,0.0,0.0,0,8.2,0.0
2023-12-03,2.7,0.8,0,23.5,0.0
2023-12-04,0.0,0.0,0,19.5,0.0
2023-12-05,0.0,0.0,0,13.1,0.0
2023-12-06,0.0,0.0,0,24.9,0.0
2023-12-07,0.4,0.2,0,14.0,0.0
2023-12-08,0.0,0.0,0,24.2,0.0
2023-12-09,0.0,0.0,0,9.2,0.0
2023-12-10,0.0,0.0,0,12.8,0.0
2023-12-11,0.0,0.0,0,19.2,0.0
2023-12-12,0.0,0.0,0,15.8,0.0
2023-12-13,0.0,0.0,0,18.4,0.0
2023-12-14,0.0,0.0,0,16.2,0.0
2023-12-15,0.0,0.0,0,24.0,0.0
2023-12-16,0.0,0.0,0,8.3,0.0
2023-12-17,0.0,0.0,0,23.3,0.0
2023-12-18,0.0,0.0,0,12.7,0.0
2023-12-19,0.0,0.0,0,20.0,0.0
2023-12-20,0.0,0.0,0,18.3,0.0
2023-12-21,0.0,0.0,0,13.3,0.0
2023-12-22,0.0,0.0,0,27.2,0.0
2023-12-23,0.0,0.0,0,18.3,0.0
2023-12-24,0.0,0.0,0,28.0,0.0
2023-12-25,0.0,0.0,0,21.5,0.0
2023-12-26,0.0,0.0,0,10.8,0.0
2023-12-27,4.5,1.0,0,10.4,0.0
2023-12-28,0.0,0.0,0,14.4,0.0
2023-12-29,0.0,0.0,0,28.5,0.0
2023-12-30,0.0,0.0,0,15.0,0.0
2023-12-31,4.4,1.1,0,25.1,0.0
2024-01-01,0.0,0.0,0,19.0,0.0
2024-01-02,0.0,0.0,0,29.9,0.0
2024-01-03,0.0,0.0,0,15.5,0.0
2024-01-04,0.0,0.0,0,14.6,0.0
2024-01-05,0.0,0.0,0,21.2,0.0
2024-01-06,1.8,0.3,0,11.4,0.0
2024-01-07,0.0,0.0,0,8.1,0.0
2024-01-08,0.0,0.0,0,27.6,0.0
2024-01-09,0.0,0.0,0,27.4,0.0
2024-01-10,6.3,2.6,0,29.5,0.0
2024-01-11,0.0,0.0,0,27.5,0.0
2024-01-12,0.0,0.0,0,23.2,0.0
2024-01-13,0.0,0.0,0,11.3,0.0
2024-01-14,0.0,0.0,0,27.6,0.0
2024-01-15,0.0,0.0,0,8.9,0.0
2024-01-16,0.0,0.0,0,16.7,0.0
2024-01-17,0.0,0.0,0,10.0,0.0
2024-01-18,0.0,0.0,0,14.6,0.0
2024-01-19,0.0,0.0,0,28.9,0.0
2024-01-20,0.0,0.0,0,14.5,0.0
2024-01-21,0.0,0.0,0,25.2,0.0
2024-01-22,0.0,0.0,0,9.9,0.0
2024-01-23,12.1,2.1,0,28.2,0.0
2024-01-24,0.0,0.0,0,13.4,0.0
2024-01-25,0.0,0.0,0,25.5,0.0
2024-01-26,0.0,0.0,0,24.8,0.0
2024-01-27,0.0,0.0,0,16.9,0.0
2024-01-28,5.4,2.2,0,19.9,0.0
2024-01-29,0.0,0.0,0,16.3,0.0
2024-01-30,0.0,0.0,0,23.8,0.0
2024-01-31,0.0,0.0,0,18.8,0.0
2024-02-01,0.0,0.0,0,9.3,0.0
2024-02-02,0.0,0.0,0,16.2,0.0
2024-02-03,0.0,0.0,0,19.4,0.0
2024-02-04,0.0,0.0,0,26.4,0.0
2024-02-05,0.0,0.0,0,17.3,0.0
2024-02-06,0.0,0.0,0,20.2,0.0
2024-02-07,0.0,0.0,0,29.6,0.0
2024-02-08,0.0,0.0,0,29.4,0.0
2024-02-09,0.0,0.0,0,12.8,0.0
2024-02-10,0.0,0.0,0,26.8,0.0
2024-02-11,0.0,0.0,0,26.3,0.0
2024-02-12,0.0,0.0,0,16.2,0.0
2024-02-13,0.0,0.0,0,11.2,0.0
2024-02-14,0.0,0.0,0,14.6,0.0
2024-02-15,0.0,0.0,0,20.4,0.0
2024-02-16,0.0,0.0,0,26.2,0.0
2024-02-17,0.0,0.0,0,20.5,0.0
2024-02-18,0.0,0.0,0,28.5,0.0
2024-02-19,0.0,0.0,0,15.2,0.0
2024-02-20,0.0,0.0,0,9.9,0.0
2024-02-21,0.0,0.0,0,23.7,0.0
2024-02-22,0.0,0.0,0,27.0,0.0
2024-02-23,0.0,0.0,0,19.8,0.0
2024-02-24,0.0,0.0,0,28.5,0.0
2024-02-25,0.0,0.0,0,19.2,0.0
2024-02-26,0.0,0.0,0,13.8,0.0
2024-02-27,2.5,0.8,0,16.2,0.0
2024-02-28,0.0,0.0,0,8.2,0.0
2024-02-29,5.9,1.8,0,9.9,0.0
2024-03-01,0.0,0.0,0,17.5,0.0
2024-03-02,0.0,0.0,0,12.4,0.0
2024-03-03,0.0,0.0,0,10.1,0.0
2024-03-04,0.0,0.0,0,8.0,0.0
2024-03-05,0.0,0.0,0,29.0,0.0
2024-03-06,0.0,0.0,0,9.4,0.0
2024-03-07,0.0,0.0,0,27.8,0.0
2024-03-08,0.0,0.0,0,29.4,0.0
2024-03-09,0.0,0.0,0,17.7,0.0
2024-03-10,0.0,0.0,0,11.7,0.0
2024-03-11,0.0,0.0,0,15.3,0.0
2024-03-12,0.0,0.0,0,12.1,0.0
2024-03-13,0.0,0.0,0,11.7,0.0
2024-03-14,0.0,0.0,0,20.6,0.0
2024-03-15,0.0,0.0,0,19.3,0.0
2024-03-16,0.0,0.0,0,9.4,0.0
2024-03-17,0.0,0.0,0,26.4,0.0
2024-03-18,0.0,0.0,0,18.4,0.0
2024-03-19,0.0,0.0,0,12.8,0.0
2024-03-20,0.0,0.0,0,19.7,0.0
2024-03-21,0.0,0.0,0,18.9,0.0
2024-03-22,0.0,0.0,0,19.9,0.0
2024-03-23,0.0,0.0,0,16.0,0.0
2024-03-24,0.0,0.0,0,8.0,0.0
2024-03-25,0.0,0.0,0,12.7,0.0
2024-03-26,0.0,0.0,0,9.1,0.0
2024-03-27,0.0,0.0,0,18.0,0.0
2024-03-28,0.0,0.0,0,14.2,0.0
2024-03-29,0.0,0.0,0,9.5,0.0
2024-03-30,0.0,0.0,0,29.4,0.0
2024-03-31,0.0,0.0,0,20.2,0.0
2024-04-01,0.0,0.0,0,21.7,0.0
2024-04-02,0.0,0.0,0,12.1,0.0
2024-04-03,0.0,0.0,0,20.1,0.0
2024-04-04,0.0,0.0,0,28.8,0.0
2024-04-05,0.0,0.0,0,9.4,0.0
2024-04-06,0.0,0.0,0,29.0,0.0
2024-04-07,0.0,0.0,0,9.4,0.0
2024-04-08,0.0,0.0,0,10.7,0.0
2024-04-09,0.0,0.0,0,29.9,0.0
2024-04-10,8.7,4.0,0,29.3,0.0
2024-04-11,0.0,0.0,0,29.1,0.0
2024-04-12,0.0,0.0,0,25.5,0.0
2024-04-13,0.0,0.0,0,8.9,0.0
2024-04-14,0.0,0.0,0,14.3,0.0
2024-04-15,0.0,0.0,0,18.9,0.0
2024-04-16,20.6,8.1,0,14.4,0.0
2024-04-17,0.0,0.0,0,9.1,0.0
2024-04-18,0.0,0.0,0,18.9,0.0
2024-04-19,0.0,0.0,0,24.1,0.0
2024-04-20,0.0,0.0,0,15.8,0.0
2024-04-21,8.1,1.4,0,23.6,0.0
2024-04-22,0.0,0.0,0,25.4,0.0
2024-04-23,0.0,0.0,0,26.8,0.0
2024-04-24,3.7,1.5,0,26.7,0.0
2024-04-25,0.0,0.0,0,13.2,0.0
2024-04-26,0.0,0.0,0,17.7,0.0
2024-04-27,0.0,0.0,0,14.8,0.0
2024-04-28,0.0,0.0,0,10.2,0.0
2024-04-29,0.0,0.0,0,24.7,0.0
2024-04-30,0.0,0.0,0,27.6,0.0
2024-05-01,0.0,0.0,0,16.2,0.0
2024-05-02,0.0,0.0,0,9.1,0.0
2024-05-03,0.0,0.0,0,24.2,0.0
2024-05-04,0.0,0.0,0,29.5,0.0
2024-05-05,0.0,0.0,0,24.0,0.0
2024-05-06,0.0,0.0,0,26.0,0.0
2024-05-07,0.0,0.0,0,22.1,0.0
2024-05-08,0.0,0.0,0,24.1,0.0
2024-05-09,0.0,0.0,0,19.4,0.0
2024-05-10,0.0,0.0,0,24.5,0.0
2024-05-11,0.0,0.0,0,14.2,0.0
2024-05-12,0.0,0.0,0,13.5,0.0
2024-05-13,0.0,0.0,0,10.7,0.0
2024-05-14,0.0,0.0,0,11.3,0.0
2024-05-15,0.0,0.0,0,20.1,0.0
2024-05-16,6.9,1.5,0,21.8,0.0
2024-05-17,0.0,0.0,0,21.7,0.0
2024-05-18,0.0,0.0,0,19.9,0.0
2024-05-19,0.0,0.0,0,21.3,0.0
2024-05-20,0.0,0.0,0,24.3,0.0
2024-05-21,0.0,0.0,0,8.2,0.0
2024-05-22,0.0,0.0,0,28.5,0.0
2024-05-23,0.0,0.0,0,14.3,0.0
2024-05-24,6.1,3.0,0,13.1,0.0
2024-05-25,0.0,0.0,0,14.7,0.0
2024-05-26,0.0,0.0,0,15.0,0.0
2024-05-27,0.0,0.0,0,10.9,0.0
2024-05-28,0.0,0.0,0,22.3,0.0
2024-05-29,0.0,0.0,0,15.3,0.0
2024-05-30,0.0,0.0,0,18.6,0.0
2024-05-31,0.0,0.0,0,13.3,0.0
2024-06-01,23.3,5.8,0,9.0,0.0
2024-06-02,13.2,5.6,0,20.9,0.0
2024-06-03,37.3,18.2,0,27.3,0.0
2024-06-04,15.3,6.6,0,12.9,0.0
2024-06-05,0.0,0.0,0,27.4,0.0
2024-06-06,10.9,4.5,0,9.8,0.0
2024-06-07,24.9,3.8,0,12.6,0.0
2024-06-08,17.6,8.3,0,11.9,0.0
2024-06-09,18.6,5.9,0,21.6,0.0
2024-06-10,24.4,10.0,0,25.3,0.0
2024-06-11,0.0,0.0,0,9.6,0.0
2024-06-12,24.0,7.7,0,21.5,0.0
2024-06-13,15.5,7.5,0,28.2,0.0
2024-06-14,89.2,23.0,0,14.6,0.0
2024-06-15,51.9,11.9,0,15.6,0.0
2024-06-16,60.3,10.1,0,16.4,0.0
2024-06-17,0.0,0.0,0,23.8,0.0
2024-06-18,53.8,16.9,0,19.0,0.0
2024-06-19,19.9,3.2,0,28.0,0.0
2024-06-20,0.0,0.0,0,22.6,0.0
2024-06-21,0.0,0.0,0,18.7,0.0
2024-06-22,7.1,2.0,0,13.7,0.0
2024-06-23,0.0,0.0,0,20.7,0.0
2024-06-24,0.0,0.0,0,23.9,0.0
2024-06-25,0.0,0.0,0,15.9,0.0
2024-06-26,5.3,1.6,0,22.1,0.0
2024-06-27,27.4,4.5,0,11.1,0.0
2024-06-28,6.9,1.5,0,29.9,0.0
2024-06-29,0.0,0.0,0,24.1,0.0
2024-06-30,0.0,0.0,0,20.4,0.0
2024-07-01,0.0,0.0,0,29.6,0.0
2024-07-02,10.7,3.9,0,14.8,0.0
2024-07-03,0.0,0.0,0,27.9,0.0
2024-07-04,61.1,28.7,0,21.1,0.0
2024-07-05,0.0,0.0,0,26.6,0.0
2024-07-06,0.0,0.0,0,14.9,0.0
2024-07-07,45.5,16.0,0,13.3,0.0
2024-07-08,9.8,2.4,0,16.3,0.0
2024-07-09,0.0,0.0,0,29.3,0.0
2024-07-10,32.0,7.0,0,27.1,0.0
2024-07-11,10.1,4.4,0,17.4,0.0
2024-07-12,0.6,0.1,0,19.9,0.0
2024-07-13,18.1,8.9,0,22.9,0.0
2024-07-14,23.9,5.5,0,18.6,0.0
2024-07-15,15.6,2.8,0,20.7,0.0
2024-07-16,8.8,4.4,0,22.1,0.0
2024-07-17,23.3,4.7,0,26.5,0.0
2024-07-18,0.0,0.0,0,10.4,0.0
2024-07-19,38.0,14.9,2,98.6,1.6
2024-07-20,217.8,96.7,3,144.9,2.2
2024-07-21,655.5,120.0,4,155.4,2.9
2024-07-22,207.3,44.3,3,131.4,1.5
2024-07-23,58.5,9.6,0,10.7,0.0
2024-07-24,11.9,3.8,0,28.6,0.0
2024-07-25,7.7,2.9,1,77.8,0.0
2024-07-26,71.4,21.4,1,85.6,0.0
2024-07-27,58.3,23.5,2,111.0,1.3
2024-07-28,12.5,3.4,1,92.0,0.0
2024-07-29,8.8,1.4,0,9.5,0.0
2024-07-30,6.7,1.1,0,16.9,0.0
2024-07-31,54.2,26.9,1,94.0,0.0
2024-08-01,222.8,71.2,2,102.0,1.7
2024-08-02,75.4,35.8,1,94.8,0.0
2024-08-03,24.4,8.9,1,79.3,0.0
2024-08-04,58.0,28.4,1,84.8,0.0
2024-08-05,139.7,58.7,1,81.9,0.0
2024-08-06,0.0,0.0,0,29.4,0.0
2024-08-07,37.6,8.1,0,23.2,0.0
2024-08-08,0.0,0.0,0,8.8,0.0
2024-08-09,16.2,5.5,0,27.9,0.0
2024-08-10,2.8,1.2,0,14.2,0.0
2024-08-11,11.9,4.9,0,14.7,0.0
2024-08-12,22.4,4.4,0,10.7,0.0
2024-08-13,0.0,0.0,0,23.0,0.0
2024-08-14,20.4,7.5,0,23.4,0.0
2024-08-15,15.0,6.1,0,26.8,0.0
2024-08-16,5.2,1.3,0,25.4,0.0
2024-08-17,36.5,9.2,0,15.7,0.0
2024-08-18,5.8,2.6,0,26.0,0.0
2024-08-19,0.0,0.0,0,21.3,0.0
2024-08-20,7.9,2.7,0,24.6,0.0
2024-08-21,6.0,1.0,0,17.7,0.0
2024-08-22,0.0,0.0,0,12.4,0.0
2024-08-23,0.0,0.0,0,24.4,0.0
2024-08-24,74.8,21.2,0,25.4,0.0
2024-08-25,9.1,1.6,0,14.0,0.0
2024-08-26,5.6,1.7,0,16.9,0.0
2024-08-27,89.7,36.5,0,23.5,0.0
2024-08-28,6.0,2.5,0,18.7,0.0
2024-08-29,28.1,6.6,0,28.3,0.0
2024-08-30,15.9,7.6,0,29.3,0.0
2024-08-31,21.2,9.0,0,9.1,0.0
2024-09-01,0.0,0.0,0,22.5,0.0
2024-09-02,0.0,0.0,0,24.5,0.0
2024-09-03,0.0,0.0,0,9.6,0.0
2024-09-04,25.2,4.6,0,24.8,0.0
2024-09-05,3.2,0.6,0,16.4,0.0
2024-09-06,9.3,2.8,0,29.6,0.0
2024-09-07,8.4,2.2,0,10.1,0.0
2024-09-08,0.0,0.0,0,28.6,0.0
2024-09-09,15.2,5.9,0,22.2,0.0
2024-09-10,0.0,0.0,0,13.4,0.0
2024-09-11,6.1,1.8,0,9.8,0.0
2024-09-12,5.6,1.9,0,21.2,0.0
2024-09-13,62.0,17.5,0,15.1,0.0
2024-09-14,14.9,2.7,0,8.2,0.0
2024-09-15,38.8,8.0,0,23.5,0.0
2024-09-16,1.3,0.2,0,12.5,0.0
2024-09-17,50.5,15.1,0,13.0,0.0
2024-09-18,0.0,0.0,0,8.2,0.0
2024-09-19,0.0,0.0,0,24.2,0.0
2024-09-20,21.8,10.6,0,26.6,0.0
2024-09-21,1.4,0.3,0,29.3,0.0
2024-09-22,38.8,15.3,0,20.1,0.0
2024-09-23,0.0,0.0,0,27.6,0.0
2024-09-24,0.0,0.0,0,10.6,0.0
2024-09-25,0.0,0.0,0,26.1,0.0
2024-09-26,4.9,1.6,0,25.1,0.0
2024-09-27,5.0,1.4,0,20.4,0.0
2024-09-28,0.0,0.0,0,19.1,0.0
2024-09-29,32.8,9.4,0,29.7,0.0
2024-09-30,19.2,9.3,0,9.3,0.0
2024-10-01,21.6,7.6,0,15.2,0.0
2024-10-02,0.0,0.0,0,26.2,0.0
2024-10-03,31.5,12.7,0,10.1,0.0
2024-10-04,20.8,7.0,0,27.5,0.0
2024-10-05,59.7,15.6,0,29.8,0.0
2024-10-06,0.0,0.0,0,20.7,0.0
2024-10-07,6.4,2.1,0,18.7,0.0
2024-10-08,1.9,0.5,0,8.3,0.0
2024-10-09,32.8,13.9,0,11.3,0.0
2024-10-10,40.2,9.8,0,9.9,0.0
2024-10-11,17.1,6.6,0,10.9,0.0
2024-10-12,31.7,12.9,0,26.4,0.0
2024-10-13,0.0,0.0,0,28.6,0.0
2024-10-14,27.5,6.7,0,14.9,0.0
2024-10-15,47.5,22.2,1,74.4,0.0
2024-10-16,128.3,55.1,1,73.4,0.0
2024-10-17,78.9,30.3,2,101.7,1.6
2024-10-18,39.3,13.1,1,71.0,0.0
2024-10-19,0.0,0.0,0,12.2,0.0
2024-10-20,8.0,1.7,0,8.5,0.0
2024-10-21,0.5,0.2,0,22.0,0.0
2024-10-22,17.9,8.2,0,20.2,0.0
2024-10-23,15.8,3.6,0,19.9,0.0
2024-10-24,25.1,5.9,0,18.9,0.0
2024-10-25,10.1,4.2,0,12.6,0.0
2024-10-26,43.0,7.7,0,24.6,0.0
2024-10-27,2.5,1.0,0,12.5,0.0
2024-10-28,37.4,14.0,0,18.1,0.0
2024-10-29,0.0,0.0,0,15.3,0.0
2024-10-30,0.0,0.0,0,23.3,0.0
2024-10-31,1.5,0.4,0,17.3,0.0
2024-11-01,7.5,3.7,0,23.4,0.0
2024-11-02,0.0,0.0,0,9.1,0.0
2024-11-03,42.8,20.1,0,21.5,0.0
2024-11-04,0.0,0.0,0,17.0,0.0
2024-11-05,17.8,2.7,0,28.0,0.0
2024-11-06,16.6,3.0,0,28.9,0.0
2024-11-07,7.9,1.7,0,21.6,0.0
2024-11-08,13.3,3.1,0,21.0,0.0
2024-11-09,21.1,6.9,0,15.6,0.0
2024-11-10,27.1,7.7,0,16.4,0.0
2024-11-11,38.0,10.8,0,15.7,0.0
2024-11-12,2.2,1.1,0,28.7,0.0
2024-11-13,6.2,1.6,0,21.3,0.0
2024-11-14,31.2,4.8,0,19.4,0.0
2024-11-15,0.0,0.0,0,29.8,0.0
2024-11-16,14.3,4.0,0,11.2,0.0
2024-11-17,0.0,0.0,0,11.2,0.0
2024-11-18,8.4,1.5,0,29.2,0.0
2024-11-19,50.2,14.3,0,22.4,0.0
2024-11-20,0.0,0.0,0,20.7,0.0
2024-11-21,32.2,5.4,0,23.6,0.0
2024-11-22,0.0,0.0,0,22.5,0.0
2024-11-23,0.0,0.0,0,14.5,0.0
2024-11-24,0.0,0.0,0,14.6,0.0
2024-11-25,9.9,4.7,0,12.6,0.0
2024-11-26,0.0,0.0,0,12.5,0.0
2024-11-27,0.0,0.0,0,12.3,0.0
2024-11-28,4.0,1.8,0,10.1,0.0
2024-11-29,10.3,2.6,0,22.3,0.0
2024-11-30,0.0,0.0,0,17.1,0.0
2024-12-01,0.0,0.0,0,28.3,0.0
2024-12-02,0.0,0.0,0,10.3,0.0
2024-12-03,0.0,0.0,0,24.8,0.0
2024-12-04,0.0,0.0,0,23.2,0.0
2024-12-05,0.0,0.0,0,23.0,0.0
2024-12-06,0.0,0.0,0,22.0,0.0
2024-12-07,0.0,0.0,0,23.7,0.0
2024-12-08,0.0,0.0,0,26.1,0.0
2024-12-09,0.0,0.0,0,12.8,0.0
2024-12-10,0.0,0.0,0,19.7,0.0
2024-12-11,0.0,0.0,0,13.1,0.0
2024-12-12,0.0,0.0,0,11.6,0.0
2024-12-13,0.0,0.0,0,19.7,0.0
2024-12-14,0.0,0.0,0,20.0,0.0
2024-12-15,9.0,4.3,0,10.7,0.0
2024-12-16,0.0,0.0,0,12.9,0.0
2024-12-17,0.0,0.0,0,9.6,0.0
2024-12-18,0.0,0.0,0,28.1,0.0
2024-12-19,0.0,0.0,0,21.0,0.0
2024-12-20,0.0,0.0,0,11.2,0.0
2024-12-21,0.0,0.0,0,24.0,0.0
2024-12-22,0.0,0.0,0,27.8,0.0
2024-12-23,0.0,0.0,0,29.7,0.0
2024-12-24,0.0,0.0,0,9.1,0.0
2024-12-25,0.0,0.0,0,23.7,0.0
2024-12-26,0.0,0.0,0,12.2,0.0
2024-12-27,0.0,0.0,0,25.6,0.0
2024-12-28,0.0,0.0,0,24.3,0.0
2024-12-29,0.0,0.0,0,11.9,0.0
2024-12-30,0.0,0.0,0,25.5,0.0
2024-12-31,0.0,0.0,0,23.0,0.0
2025-01-01,0.0,0.0,0,18.9,0.0
2025-01-02,0.0,0.0,0,19.6,0.0
2025-01-03,0.0,0.0,0,27.6,0.0
2025-01-04,9.7,4.7,0,23.2,0.0
2025-01-05,10.2,3.4,0,14.5,0.0
2025-01-06,0.0,0.0,0,20.3,0.0
2025-01-07,0.0,0.0,0,28.6,0.0
2025-01-08,0.0,0.0,0,26.6,0.0
2025-01-09,0.0,0.0,0,16.2,0.0
2025-01-10,0.0,0.0,0,23.2,0.0
2025-01-11,10.8,3.2,0,15.2,0.0
2025-01-12,0.0,0.0,0,14.3,0.0
2025-01-13,0.0,0.0,0,26.5,0.0
2025-01-14,0.0,0.0,0,15.0,0.0
2025-01-15,12.0,5.8,0,18.5,0.0
2025-01-16,7.3,2.2,0,12.7,0.0
2025-01-17,0.0,0.0,0,15.9,0.0
2025-01-18,0.0,0.0,0,24.3,0.0
2025-01-19,0.0,0.0,0,23.7,0.0
2025-01-20,0.0,0.0,0,25.2,0.0
2025-01-21,0.0,0.0,0,19.6,0.0
2025-01-22,0.0,0.0,0,26.9,0.0
2025-01-23,0.0,0.0,0,28.6,0.0
2025-01-24,3.1,1.4,0,14.7,0.0
2025-01-25,0.0,0.0,0,15.8,0.0
2025-01-26,0.0,0.0,0,20.8,0.0
2025-01-27,0.0,0.0,0,27.6,0.0
2025-01-28,0.0,0.0,0,25.0,0.0
2025-01-29,0.0,0.0,0,20.5,0.0
2025-01-30,0.0,0.0,0,20.8,0.0
2025-01-31,0.0,0.0,0,14.8,0.0
2025-02-01,0.0,0.0,0,25.4,0.0
2025-02-02,0.0,0.0,0,26.0,0.0
2025-02-03,0.0,0.0,0,15.5,0.0
2025-02-04,0.0,0.0,0,11.8,0.0
2025-02-05,0.0,0.0,0,21.6,0.0
2025-02-06,0.0,0.0,0,20.3,0.0
2025-02-07,0.0,0.0,0,16.3,0.0
2025-02-08,0.0,0.0,0,18.6,0.0
2025-02-09,0.0,0.0,0,9.7,0.0
2025-02-10,4.0,1.2,0,26.7,0.0
2025-02-11,21.3,5.9,0,13.8,0.0
2025-02-12,0.0,0.0,0,14.8,0.0
2025-02-13,0.0,0.0,0,11.4,0.0
2025-02-14,14.1,4.5,0,10.3,0.0
2025-02-15,0.0,0.0,0,18.9,0.0
2025-02-16,0.0,0.0,0,14.7,0.0
2025-02-17,0.0,0.0,0,21.0,0.0
2025-02-18,0.0,0.0,0,15.2,0.0
2025-02-19,0.0,0.0,0,13.0,0.0
2025-02-20,0.0,0.0,0,12.9,0.0
2025-02-21,0.0,0.0,0,25.1,0.0
2025-02-22,0.0,0.0,0,25.4,0.0
2025-02-23,0.0,0.0,0,21.1,0.0
2025-02-24,0.0,0.0,0,11.0,0.0
2025-02-25,0.0,0.0,0,15.9,0.0
2025-02-26,0.0,0.0,0,15.2,0.0
2025-02-27,0.0,0.0,0,8.2,0.0
2025-02-28,0.0,0.0,0,25.6,0.0
2025-03-01,0.0,0.0,0,29.1,0.0
2025-03-02,1.2,0.3,0,22.9,0.0
2025-03-03,0.0,0.0,0,9.5,0.0
2025-03-04,0.0,0.0,0,15.6,0.0
2025-03-05,0.0,0.0,0,26.4,0.0
2025-03-06,0.0,0.0,0,24.7,0.0
2025-03-07,0.0,0.0,0,24.2,0.0
2025-03-08,0.0,0.0,0,24.0,0.0
2025-03-09,0.0,0.0,0,15.1,0.0
2025-03-10,0.0,0.0,0,14.6,0.0
2025-03-11,0.0,0.0,0,25.5,0.0
2025-03-12,0.0,0.0,0,24.8,0.0
2025-03-13,0.0,0.0,0,17.7,0.0
2025-03-14,0.0,0.0,0,29.3,0.0
2025-03-15,0.0,0.0,0,23.8,0.0
2025-03-16,0.0,0.0,0,14.5,0.0
2025-03-17,0.0,0.0,0,14.5,0.0
2025-03-18,0.0,0.0,0,17.4,0.0
2025-03-19,0.0,0.0,0,11.3,0.0
2025-03-20,0.0,0.0,0,28.8,0.0
2025-03-21,0.0,0.0,0,12.4,0.0
2025-03-22,0.0,0.0,0,22.5,0.0
2025-03-23,0.0,0.0,0,21.5,0.0
2025-03-24,6.7,2.8,0,9.9,0.0
2025-03-25,0.0,0.0,0,22.0,0.0
2025-03-26,0.0,0.0,0,19.1,0.0
2025-03-27,0.0,0.0,0,13.2,0.0
2025-03-28,0.0,0.0,0,25.4,0.0
2025-03-29,0.0,0.0,0,12.8,0.0
2025-03-30,0.0,0.0,0,11.3,0.0
2025-03-31,0.0,0.0,0,17.1,0.0
2025-04-01,0.0,0.0,0,26.4,0.0
2025-04-02,0.0,0.0,0,23.0,0.0
2025-04-03,0.0,0.0,0,20.2,0.0
2025-04-04,0.0,0.0,0,15.2,0.0
2025-04-05,0.0,0.0,0,8.8,0.0
2025-04-06,0.0,0.0,0,19.9,0.0
2025-04-07,7.2,1.7,0,23.6,0.0
2025-04-08,0.0,0.0,0,29.7,0.0
2025-04-09,0.0,0.0,0,12.3,0.0
2025-04-10,0.0,0.0,0,9.1,0.0
2025-04-11,0.0,0.0,0,23.5,0.0
2025-04-12,0.0,0.0,0,26.1,0.0
2025-04-13,0.0,0.0,0,10.3,0.0
2025-04-14,0.0,0.0,0,13.2,0.0
2025-04-15,0.0,0.0,0,27.5,0.0
2025-04-16,0.0,0.0,0,17.0,0.0
2025-04-17,0.0,0.0,0,10.4,0.0
2025-04-18,0.0,0.0,0,11.0,0.0
2025-04-19,0.0,0.0,0,20.4,0.0
2025-04-20,0.0,0.0,0,21.1,0.0
2025-04-21,0.0,0.0,0,14.0,0.0
2025-04-22,0.0,0.0,0,14.9,0.0
2025-04-23,0.0,0.0,0,11.6,0.0
2025-04-24,0.0,0.0,0,16.4,0.0
2025-04-25,0.0,0.0,0,16.3,0.0
2025-04-26,0.0,0.0,0,18.6,0.0
2025-04-27,0.0,0.0,0,10.7,0.0
2025-04-28,0.0,0.0,0,25.8,0.0
2025-04-29,0.0,0.0,0,26.9,0.0
2025-04-30,0.0,0.0,0,15.5,0.0
2025-05-01,0.0,0.0,0,19.9,0.0
2025-05-02,0.0,0.0,0,24.1,0.0
2025-05-03,0.0,0.0,0,14.3,0.0
2025-05-04,0.0,0.0,0,16.1,0.0
2025-05-05,0.0,0.0,0,10.6,0.0
2025-05-06,0.0,0.0,0,23.4,0.0
2025-05-07,0.0,0.0,0,10.2,0.0
2025-05-08,0.0,0.0,0,26.5,0.0
2025-05-09,0.0,0.0,0,28.0,0.0
2025-05-10,0.0,0.0,0,9.5,0.0
2025-05-11,0.0,0.0,0,14.9,0.0
2025-05-12,0.0,0.0,0,17.8,0.0
2025-05-13,0.0,0.0,0,14.9,0.0
2025-05-14,0.0,0.0,0,17.6,0.0
2025-05-15,0.0,0.0,0,29.7,0.0
2025-05-16,1.9,0.4,0,23.9,0.0
2025-05-17,0.0,0.0,0,11.3,0.0
2025-05-18,21.6,6.1,0,20.9,0.0
2025-05-19,0.0,0.0,0,10.1,0.0
2025-05-20,0.0,0.0,0,18.1,0.0
2025-05-21,0.0,0.0,0,29.4,0.0
2025-05-22,0.0,0.0,0,19.7,0.0
2025-05-23,0.0,0.0,0,12.2,0.0
2025-05-24,0.0,0.0,0,21.6,0.0
2025-05-25,0.0,0.0,0,28.6,0.0
2025-05-26,28.8,5.0,0,23.2,0.0
2025-05-27,0.0,0.0,0,27.4,0.0
2025-05-28,0.0,0.0,0,9.6,0.0
2025-05-29,0.0,0.0,0,10.9,0.0
2025-05-30,0.0,0.0,0,11.1,0.0
2025-05-31,0.0,0.0,0,26.1,0.0
2025-06-01,8.6,3.9,0,19.4,0.0
2025-06-02,0.0,0.0,0,17.2,0.0
2025-06-03,0.0,0.0,0,23.1,0.0
2025-06-04,34.7,12.5,0,26.6,0.0
2025-06-05,0.0,0.0,0,15.7,0.0
2025-06-06,0.0,0.0,0,10.9,0.0
2025-06-07,0.0,0.0,0,13.7,0.0
2025-06-08,0.0,0.0,0,13.8,0.0
2025-06-09,0.0,0.0,0,12.3,0.0
2025-06-10,30.5,12.4,0,24.7,0.0
2025-06-11,44.9,12.2,0,18.7,0.0
2025-06-12,21.3,10.5,0,28.3,0.0
2025-06-13,0.0,0.0,0,29.6,0.0
2025-06-14,0.0,0.0,0,15.9,0.0
2025-06-15,8.4,1.7,0,28.7,0.0
2025-06-16,19.1,6.7,0,12.9,0.0
2025-06-17,11.4,4.8,0,14.9,0.0
2025-06-18,6.6,2.4,0,23.8,0.0
2025-06-19,8.2,3.8,0,17.7,0.0
2025-06-20,28.9,10.5,0,26.0,0.0
2025-06-21,53.5,20.0,0,10.4,0.0
2025-06-22,8.5,3.4,0,29.7,0.0
2025-06-23,0.0,0.0,0,16.1,0.0
2025-06-24,104.4,34.9,0,29.1,0.0
2025-06-25,31.7,9.6,0,16.1,0.0
2025-06-26,0.0,0.0,0,13.0,0.0
2025-06-27,18.8,4.1,0,14.5,0.0
2025-06-28,0.0,0.0,0,12.3,0.0
2025-06-29,0.0,0.0,0,20.3,0.0
2025-06-30,10.2,2.0,0,12.6,0.0
2025-07-01,6.3,2.5,0,10.9,0.0
2025-07-02,0.0,0.0,0,21.2,0.0
2025-07-03,0.0,0.0,0,19.7,0.0
2025-07-04,9.4,1.6,0,9.9,0.0
2025-07-05,0.0,0.0,0,16.2,0.0
2025-07-06,9.4,4.4,0,19.7,0.0
2025-07-07,10.8,5.3,0,29.3,0.0
2025-07-08,22.6,6.1,0,25.6,0.0
2025-07-09,1.0,0.2,0,16.4,0.0
2025-07-10,31.6,10.3,0,27.2,0.0
2025-07-11,0.0,0.0,0,16.5,0.0
2025-07-12,17.5,7.2,0,16.6,0.0
2025-07-13,0.0,0.0,0,25.2,0.0
2025-07-14,21.1,8.7,0,16.8,0.0
2025-07-15,0.0,0.0,0,19.3,0.0
2025-07-16,0.0,0.0,0,26.8,0.0
2025-07-17,42.9,6.5,1,92.5,0.0
2025-07-18,42.1,20.5,2,102.7,0.8
2025-07-19,90.5,14.7,3,130.9,2.0
2025-07-20,68.7,23.5,2,118.0,1.1
2025-07-21,0.0,0.0,0,27.1,0.0
2025-07-22,0.0,0.0,0,13.7,0.0
2025-07-23,3.3,1.4,0,10.0,0.0
2025-07-24,5.9,1.1,0,20.7,0.0
2025-07-25,91.0,16.7,1,73.5,0.0
2025-07-26,236.2,35.7,2,114.1,1.4
2025-07-27,77.7,31.8,1,71.6,0.0
2025-07-28,34.5,12.0,0,15.3,0.0
2025-07-29,57.9,18.0,0,23.3,0.0
2025-07-30,0.0,0.0,0,19.0,0.0
2025-07-31,0.0,0.0,0,10.3,0.0
2025-08-01,103.7,16.9,0,22.1,0.0
2025-08-02,0.0,0.0,0,11.7,0.0
2025-08-03,20.7,8.1,0,19.8,0.0
2025-08-04,82.9,16.9,2,111.8,1.0
2025-08-05,295.2,73.8,3,128.9,1.4
2025-08-06,0.0,0.0,0,24.6,0.0
2025-08-07,0.0,0.0,0,25.0,0.0
2025-08-08,18.0,6.3,0,11.3,0.0
2025-08-09,0.0,0.0,0,23.8,0.0
2025-08-10,0.0,0.0,0,16.0,0.0
2025-08-11,12.6,5.1,0,20.3,0.0
2025-08-12,18.5,5.3,0,14.4,0.0
2025-08-13,0.0,0.0,0,26.2,0.0
2025-08-14,0.0,0.0,0,23.2,0.0
2025-08-15,0.0,0.0,0,16.4,0.0
2025-08-16,34.6,7.6,0,24.2,0.0
2025-08-17,26.7,7.2,0,13.2,0.0
2025-08-18,41.3,18.8,0,14.6,0.0
2025-08-19,5.6,1.6,0,20.4,0.0
2025-08-20,47.5,9.9,0,25.1,0.0
2025-08-21,13.8,3.8,0,13.0,0.0
2025-08-22,0.0,0.0,0,26.5,0.0
2025-08-23,59.8,20.4,1,70.4,0.0
2025-08-24,123.4,24.7,2,95.1,1.6
2025-08-25,7.7,1.5,1,78.9,0.0
2025-08-26,1.7,0.8,0,13.2,0.0
2025-08-27,9.8,2.0,0,11.4,0.0
2025-08-28,6.3,2.5,0,24.5,0.0
2025-08-29,2.7,1.4,0,28.0,0.0
2025-08-30,13.8,3.4,0,29.0,0.0
2025-08-31,3.9,1.9,0,11.9,0.0
2025-09-01,10.5,3.4,0,13.1,0.0
2025-09-02,0.0,0.0,0,10.1,0.0
2025-09-03,13.7,3.7,0,20.9,0.0
2025-09-04,31.7,10.5,0,22.6,0.0
2025-09-05,0.0,0.0,0,11.2,0.0
2025-09-06,0.0,0.0,0,26.2,0.0
2025-09-07,26.9,6.6,0,12.2,0.0
2025-09-08,282.9,47.3,2,99.1,1.5
2025-09-09,6.1,1.8,3,123.6,2.7
2025-09-10,0.0,0.0,0,15.3,0.0
2025-09-11,54.9,13.9,1,75.3,0.0
2025-09-12,75.7,26.6,1,88.7,0.0
2025-09-13,166.2,38.5,2,116.7,1.7
2025-09-14,31.7,6.9,1,80.0,0.0
2025-09-15,0.0,0.0,0,12.3,0.0
2025-09-16,0.0,0.0,0,15.8,0.0
2025-09-17,0.0,0.0,0,27.4,0.0
2025-09-18,7.0,1.7,0,15.1,0.0
2025-09-19,0.4,0.1,0,26.8,0.0
2025-09-20,15.3,4.7,0,11.5,0.0
2025-09-21,0.0,0.0,0,16.2,0.0
2025-09-22,21.3,3.8,0,23.8,0.0
2025-09-23,11.1,3.6,0,21.0,0.0
2025-09-24,43.3,17.7,0,19.5,0.0
2025-09-25,6.9,2.4,0,21.7,0.0
2025-09-26,15.4,6.1,0,12.4,0.0
2025-09-27,0.0,0.0,0,28.9,0.0
2025-09-28,3.2,1.3,0,19.9,0.0
2025-09-29,13.3,3.2,0,11.8,0.0
2025-09-30,24.9,11.3,0,14.5,0.0
2025-10-01,14.5,3.8,0,22.7,0.0
2025-10-02,0.0,0.0,0,9.0,0.0
2025-10-03,19.8,6.8,0,13.8,0.0
2025-10-04,17.1,5.3,0,17.8,0.0
2025-10-05,22.9,4.6,0,20.7,0.0
2025-10-06,36.7,17.9,0,18.8,0.0
2025-10-07,26.3,10.5,0,29.7,0.0
2025-10-08,0.0,0.0,0,29.0,0.0
2025-10-09,36.3,6.5,0,18.2,0.0
2025-10-10,7.6,3.7,0,13.9,0.0
2025-10-11,6.0,1.4,0,18.7,0.0
2025-10-12,0.0,0.0,0,27.3,0.0
2025-10-13,77.9,13.0,0,24.5,0.0
2025-10-14,0.0,0.0,0,8.4,0.0
2025-10-15,8.3,2.6,0,28.8,0.0
2025-10-16,7.3,3.4,0,22.4,0.0
2025-10-17,0.0,0.0,0,17.5,0.0
2025-10-18,6.2,1.7,0,8.6,0.0
2025-10-19,0.0,0.0,0,26.3,0.0
2025-10-20,0.0,0.0,0,9.0,0.0
2025-10-21,70.2,18.6,0,29.9,0.0
2025-10-22,0.0,0.0,0,12.7,0.0
2025-10-23,7.3,2.4,0,8.6,0.0
2025-10-24,0.0,0.0,0,25.6,0.0
2025-10-25,0.0,0.0,0,15.7,0.0
2025-10-26,0.0,0.0,0,15.7,0.0
2025-10-27,0.0,0.0,0,17.5,0.0
2025-10-28,1.3,0.5,0,22.3,0.0
2025-10-29,15.8,2.6,0,20.8,0.0
2025-10-30,9.2,2.5,0,14.1,0.0
2025-10-31,20.2,5.9,0,20.0,0.0
2025-11-01,34.9,5.3,0,22.9,0.0
2025-11-02,18.6,5.5,0,24.6,0.0
2025-11-03,0.0,0.0,0,26.3,0.0
2025-11-04,0.0,0.0,0,14.9,0.0
2025-11-05,0.0,0.0,0,23.0,0.0
2025-11-06,29.1,13.4,0,9.0,0.0
2025-11-07,0.0,0.0,0,17.1,0.0
2025-11-08,11.8,2.7,0,29.2,0.0
2025-11-09,0.0,0.0,0,28.7,0.0
2025-11-10,40.6,14.2,0,22.3,0.0
2025-11-11,0.3,0.1,0,14.9,0.0
2025-11-12,4.5,1.9,0,22.3,0.0
2025-11-13,0.0,0.0,0,26.9,0.0
2025-11-14,0.0,0.0,0,27.2,0.0
2025-11-15,23.3,3.5,0,27.5,0.0
2025-11-16,0.0,0.0,0,13.9,0.0
2025-11-17,10.8,4.0,0,23.0,0.0
2025-11-18,10.8,3.2,0,19.3,0.0
2025-11-19,35.8,8.2,0,25.6,0.0
2025-11-20,29.7,7.7,0,12.9,0.0
2025-11-21,37.9,18.2,0,17.0,0.0
2025-11-22,7.9,3.1,0,15.9,0.0
2025-11-23,0.0,0.0,0,9.8,0.0
2025-11-24,29.7,12.8,0,13.8,0.0
2025-11-25,0.0,0.0,0,10.1,0.0
2025-11-26,0.0,0.0,0,24.5,0.0
2025-11-27,0.0,0.0,0,20.9,0.0
2025-11-28,0.0,0.0,0,18.9,0.0
2025-11-29,0.0,0.0,0,19.3,0.0
2025-11-30,0.0,0.0,0,19.1,0.0
2025-12-01,0.0,0.0,0,27.7,0.0
2025-12-02,0.2,0.1,0,10.6,0.0
2025-12-03,0.0,0.0,0,12.8,0.0
2025-12-04,0.0,0.0,0,22.3,0.0
2025-12-05,0.0,0.0,0,18.3,0.0
2025-12-06,28.4,10.2,0,16.9,0.0
2025-12-07,0.0,0.0,0,21.2,0.0
2025-12-08,0.0,0.0,0,8.4,0.0
2025-12-09,0.0,0.0,0,14.6,0.0
2025-12-10,0.0,0.0,0,9.5,0.0
2025-12-11,0.0,0.0,0,24.7,0.0
2025-12-12,0.0,0.0,0,10.4,0.0
2025-12-13,7.6,2.5,0,20.6,0.0
2025-12-14,0.0,0.0,0,24.1,0.0
2025-12-15,16.6,5.8,0,15.7,0.0
2025-12-16,25.2,9.9,0,27.4,0.0
2025-12-17,0.0,0.0,0,28.6,0.0
2025-12-18,0.0,0.0,0,20.6,0.0
2025-12-19,0.0,0.0,0,17.3,0.0
2025-12-20,0.0,0.0,0,15.3,0.0
2025-12-21,0.0,0.0,0,16.3,0.0
2025-12-22,0.0,0.0,0,14.3,0.0
2025-12-23,0.0,0.0,0,16.3,0.0
2025-12-24,0.0,0.0,0,25.7,0.0
2025-12-25,0.0,0.0,0,22.9,0.0
2025-12-26,0.0,0.0,0,28.9,0.0
2025-12-27,0.0,0.0,0,21.1,0.0
2025-12-28,0.0,0.0,0,8.0,0.0
2025-12-29,0.0,0.0,0,11.5,0.0
2025-12-30,0.0,0.0,0,11.2,0.0
2025-12-31,0.0,0.0,0,27.9,0.0
