name,district,psgc_code,center_latitude,center_longitude,area_m2
Barangay 1,Tondo,1380601001,14.60423,120.96690,49422
Barangay 2,Tondo,1380601002,14.60533,120.96728,37862
Barangay 3,Tondo,1380601003,14.60572,120.96816,39027
Barangay 4,Tondo,1380601004,14.60747,120.96722,40218
Barangay 5,Tondo,1380601005,14.60821,120.96642,24695
Barangay 6,Tondo,1380601006,14.60911,120.96786,41459
Barangay 7,Tondo,1380601007,14.60649,120.96907,43919
Barangay 8,Tondo,1380601008,14.60874,120.97008,36348
Barangay 9,Tondo,1380601009,14.60726,120.96997,12787
Barangay 10,Tondo,1380601010,14.60620,120.97040,6090
Barangay 11,Tondo,1380601011,14.60176,120.96569,13321
Barangay 12,Tondo,1380601012,14.60091,120.96527,20517
Barangay 13,Tondo,1380601013,14.60309,120.96598,12451
Barangay 14,Tondo,1380601014,14.60246,120.96659,14395
Barangay 15,Tondo,1380601015,14.60291,120.96489,6974
Barangay 16,Tondo,1380601016,14.60228,120.96509,10575
Barangay 17,Tondo,1380601017,14.60161,120.96379,9121
Barangay 18,Tondo,1380601018,14.60076,120.96387,23203
Barangay 19,Tondo,1380601019,14.60232,120.96364,18763
Barangay 20,Tondo,1380601020,14.60043,120.95229,1370529
Barangay 25,Tondo,1380601025,14.60406,120.96547,21992
Barangay 26,Tondo,1380601026,14.60530,120.96512,19554
Barangay 28,Tondo,1380601028,14.60376,120.96316,22587
Barangay 29,Tondo,1380601029,14.60337,120.96072,72852
Barangay 30,Tondo,1380601030,14.60379,120.96106,11827
Barangay 31,Tondo,1380601031,14.60476,120.96399,17553
Barangay 32,Tondo,1380601032,14.60359,120.96424,15976
Barangay 33,Tondo,1380601033,14.60616,120.96354,23825
Barangay 34,Tondo,1380601034,14.60584,120.96279,11574
Barangay 35,Tondo,1380601035,14.60636,120.96473,15290
Barangay 36,Tondo,1380601036,14.60723,120.96506,11725
Barangay 37,Tondo,1380601037,14.60734,120.96213,9963
Barangay 38,Tondo,1380601038,14.60566,120.96226,13882
Barangay 39,Tondo,1380601039,14.60605,120.96042,103825
Barangay 41,Tondo,1380601041,14.60818,120.96271,21146
Barangay 42,Tondo,1380601042,14.60830,120.96332,17550
Barangay 43,Tondo,1380601043,14.60870,120.96196,12946
Barangay 44,Tondo,1380601044,14.60852,120.96005,51928
Barangay 45,Tondo,1380601045,14.60791,120.96487,17601
Barangay 46,Tondo,1380601046,14.60882,120.96387,16339
Barangay 47,Tondo,1380601047,14.60919,120.96536,33247
Barangay 48,Tondo,1380601048,14.60840,120.97138,16948
Barangay 49,Tondo,1380601049,14.60702,120.97094,19760
Barangay 50,Tondo,1380601050,14.61345,120.97234,35297
Barangay 51,Tondo,1380601051,14.61109,120.97195,40239
Barangay 52,Tondo,1380601052,14.61433,120.97142,26374
Barangay 53,Tondo,1380601053,14.61518,120.97274,24540
Barangay 54,Tondo,1380601054,14.61665,120.97307,26999
Barangay 55,Tondo,1380601055,14.61677,120.97161,36424
Barangay 56,Tondo,1380601056,14.61043,120.97040,52983
Barangay 57,Tondo,1380601057,14.61066,120.96874,27487
Barangay 58,Tondo,1380601058,14.61225,120.97043,29807
Barangay 59,Tondo,1380601059,14.61279,120.96933,22507
Barangay 60,Tondo,1380601060,14.61354,120.97053,13640
Barangay 61,Tondo,1380601061,14.61539,120.97039,43496
Barangay 62,Tondo,1380601062,14.61134,120.96732,20528
Barangay 63,Tondo,1380601063,14.61203,120.96802,18749
Barangay 64,Tondo,1380601064,14.61031,120.96728,15446
Barangay 65,Tondo,1380601065,14.61332,120.96845,19321
Barangay 66,Tondo,1380601066,14.61355,120.96458,26456
Barangay 67,Tondo,1380601067,14.61433,120.96512,19982
Barangay 68,Tondo,1380601068,14.61298,120.96514,7297
Barangay 69,Tondo,1380601069,14.61048,120.96482,23543
Barangay 70,Tondo,1380601070,14.61164,120.96499,12739
Barangay 71,Tondo,1380601071,14.61143,120.96594,39830
Barangay 72,Tondo,1380601072,14.61108,120.96326,26624
Barangay 73,Tondo,1380601073,14.61053,120.96390,10399
Barangay 74,Tondo,1380601074,14.61355,120.96640,19994
Barangay 75,Tondo,1380601075,14.61340,120.96731,25596
Barangay 76,Tondo,1380601076,14.61487,120.96757,18271
Barangay 77,Tondo,1380601077,14.61570,120.96782,12805
Barangay 78,Tondo,1380601078,14.61446,120.96886,14738
Barangay 79,Tondo,1380601079,14.61592,120.96532,7836
Barangay 80,Tondo,1380601080,14.61525,120.96533,11681
Barangay 81,Tondo,1380601081,14.61537,120.96643,17705
Barangay 82,Tondo,1380601082,14.61674,120.96642,22505
Barangay 83,Tondo,1380601083,14.61813,120.96650,13977
Barangay 84,Tondo,1380601084,14.61752,120.96672,14538
Barangay 85,Tondo,1380601085,14.61730,120.96516,25398
Barangay 86,Tondo,1380601086,14.61689,120.96964,20809
Barangay 87,Tondo,1380601087,14.61727,120.96829,20691
Barangay 88,Tondo,1380601088,14.61529,120.96911,9790
Barangay 89,Tondo,1380601089,14.61636,120.96803,12366
Barangay 90,Tondo,1380601090,14.61595,120.96932,9984
Barangay 91,Tondo,1380601091,14.61866,120.96874,56499
Barangay 92,Tondo,1380601092,14.61903,120.96669,26575
Barangay 93,Tondo,1380601093,14.62041,120.96662,43832
Barangay 94,Tondo,1380601094,14.62294,120.96589,97807
Barangay 95,Tondo,1380601095,14.61963,120.96493,33284
Barangay 96,Tondo,1380601096,14.62457,120.96376,88531
Barangay 97,Tondo,1380601097,14.62149,120.96442,30375
Barangay 98,Tondo,1380601098,14.62768,120.96220,14133
Barangay 99,Tondo,1380601099,14.62723,120.96294,12946
Barangay 100,Tondo,1380601100,14.62284,120.96073,29302
Barangay 101,Tondo,1380601101,14.62746,120.96070,103896
Barangay 102,Tondo,1380601102,14.62299,120.96226,23821
Barangay 103,Tondo,1380601103,14.62176,120.96246,32942
Barangay 104,Tondo,1380601104,14.62046,120.96283,38837
Barangay 105,Tondo,1380601105,14.62402,120.95726,505880
Barangay 106,Tondo,1380601106,14.62474,120.96160,74632
Barangay 107,Tondo,1380601107,14.61879,120.95919,157744
Barangay 108,Tondo,1380601108,14.61904,120.96257,31966
Barangay 109,Tondo,1380601109,14.61860,120.96408,26814
Barangay 110,Tondo,1380601110,14.61605,120.95914,178041
Barangay 111,Tondo,1380601111,14.61753,120.96373,14532
Barangay 112,Tondo,1380601112,14.61734,120.96238,27358
Barangay 116,Tondo,1380601116,14.61567,120.96244,42192
Barangay 117,Tondo,1380601117,14.61631,120.96405,20994
Barangay 118,Tondo,1380601118,14.61307,120.95993,141687
Barangay 119,Tondo,1380601119,14.61411,120.96259,18697
Barangay 120,Tondo,1380601120,14.61308,120.96229,16921
Barangay 121,Tondo,1380601121,14.61250,120.96384,27936
Barangay 122,Tondo,1380601122,14.61500,120.96392,23230
Barangay 123,Tondo,1380601123,14.61046,120.96071,98790
Barangay 124,Tondo,1380601124,14.63229,120.96491,30643
Barangay 125,Tondo,1380601125,14.63460,120.96683,15337
Barangay 126,Tondo,1380601126,14.63353,120.96310,136490
Barangay 127,Tondo,1380601127,14.63491,120.96481,45136
Barangay 128,Tondo,1380601128,14.63204,120.95273,1066101
Barangay 129,Tondo,1380601129,14.62996,120.96345,47053
Barangay 130,Tondo,1380601130,14.62887,120.96359,33204
Barangay 131,Tondo,1380601131,14.63118,120.96560,25642
Barangay 132,Tondo,1380601132,14.62849,120.96704,42018
Barangay 133,Tondo,1380601133,14.62713,120.96478,75394
Barangay 134,Tondo,1380601134,14.62920,120.96568,33751
Barangay 135,Tondo,1380601135,14.63395,120.96940,32441
Barangay 136,Tondo,1380601136,14.63134,120.96876,28843
Barangay 137,Tondo,1380601137,14.62948,120.96803,30039
Barangay 138,Tondo,1380601138,14.63267,120.96640,25726
Barangay 139,Tondo,1380601139,14.63084,120.96819,7093
Barangay 140,Tondo,1380601140,14.63094,120.96712,32394
Barangay 141,Tondo,1380601141,14.63178,120.96777,6977
Barangay 142,Tondo,1380601142,14.63335,120.96704,16784
Barangay 143,Tondo,1380601143,14.63169,120.97055,10281
Barangay 144,Tondo,1380601144,14.63100,120.96976,31242
Barangay 145,Tondo,1380601145,14.63265,120.96977,17654
Barangay 146,Tondo,1380601146,14.63369,120.96793,37363
Barangay 147,Tondo,1380601147,14.62322,120.96848,129999
Barangay 148,Tondo,1380601148,14.62417,120.96968,104645
Barangay 149,Tondo,1380601149,14.62082,120.97095,21515
Barangay 150,Tondo,1380601150,14.62106,120.96896,47554
Barangay 151,Tondo,1380601151,14.61935,120.97026,52338
Barangay 152,Tondo,1380601152,14.62236,120.97420,25153
Barangay 153,Tondo,1380601153,14.62243,120.97295,20967
Barangay 154,Tondo,1380601154,14.61942,120.97211,24175
Barangay 155,Tondo,1380601155,14.62117,120.97414,18054
Barangay 156,Tondo,1380601156,14.61808,120.97266,43383
Barangay 157,Tondo,1380601157,14.61939,120.97342,17993
Barangay 158,Tondo,1380601158,14.62086,120.97251,24053
Barangay 159,Tondo,1380601159,14.61896,120.97407,13709
Barangay 160,Tondo,1380601160,14.62037,120.97379,14971
Barangay 161,Tondo,1380601161,14.62810,120.97473,30001
Barangay 162,Tondo,1380601162,14.62700,120.97450,23416
Barangay 163,Tondo,1380601163,14.62393,120.97392,45343
Barangay 164,Tondo,1380601164,14.62519,120.97421,26658
Barangay 165,Tondo,1380601165,14.62608,120.97454,22622
Barangay 166,Tondo,1380601166,14.62599,120.97223,33553
Barangay 167,Tondo,1380601167,14.62469,120.97194,28631
Barangay 168,Tondo,1380601168,14.62623,120.97035,30101
Barangay 169,Tondo,1380601169,14.62498,120.97003,27449
Barangay 170,Tondo,1380601170,14.62702,120.96923,19434
Barangay 171,Tondo,1380601171,14.62595,120.96839,26984
Barangay 172,Tondo,1380601172,14.62771,120.96800,45334
Barangay 173,Tondo,1380601173,14.62834,120.97278,30381
Barangay 174,Tondo,1380601174,14.62720,120.97249,25568
Barangay 175,Tondo,1380601175,14.62907,120.97080,36727
Barangay 176,Tondo,1380601176,14.62812,120.97011,44167
Barangay 177,Tondo,1380601177,14.63470,120.97213,137037
Barangay 178,Tondo,1380601178,14.63339,120.97404,22768
Barangay 179,Tondo,1380601179,14.62979,120.97334,32316
Barangay 180,Tondo,1380601180,14.63008,120.97173,35215
Barangay 181,Tondo,1380601181,14.63101,120.97342,18468
Barangay 182,Tondo,1380601182,14.63236,120.97144,52642
Barangay 183,Tondo,1380601183,14.63214,120.97345,41041
Barangay 184,Tondo,1380601184,14.63386,120.97569,45067
Barangay 185,Tondo,1380601185,14.62950,120.97504,34298
Barangay 186,Tondo,1380601186,14.63142,120.97536,46235
Barangay 187,Tondo,1380601187,14.63593,120.98162,11028
Barangay 188,Tondo,1380601188,14.63581,120.98041,14044
Barangay 189,Tondo,1380601189,14.63668,120.98088,24224
Barangay 190,Tondo,1380601190,14.63748,120.98004,15548
Barangay 191,Tondo,1380601191,14.63741,120.98147,10464
Barangay 192,Tondo,1380601192,14.63838,120.98029,34074
Barangay 193,Tondo,1380601193,14.63466,120.97985,11283
Barangay 194,Tondo,1380601194,14.63515,120.97878,16980
Barangay 195,Tondo,1380601195,14.63436,120.97894,10527
Barangay 196,Tondo,1380601196,14.63495,120.98115,20117
Barangay 197,Tondo,1380601197,14.63395,120.98063,14536
Barangay 198,Tondo,1380601198,14.63128,120.97688,43281
Barangay 199,Tondo,1380601199,14.63425,120.97739,35880
Barangay 200,Tondo,1380601200,14.63322,120.97684,15141
Barangay 201,Tondo,1380601201,14.63161,120.97892,52112
Barangay 202,Tondo,1380601202,14.63323,120.97891,32581
Barangay 202-A,Tondo,1380601203,14.63281,120.98029,19495
Barangay 203,Tondo,1380601204,14.62864,120.97781,60614
Barangay 204,Tondo,1380601205,14.62766,120.97668,51596
Barangay 205,Tondo,1380601206,14.63007,120.97854,46219
Barangay 206,Tondo,1380601207,14.62981,120.98057,41590
Barangay 207,Tondo,1380601208,14.62811,120.98060,49489
Barangay 208,Tondo,1380601209,14.62950,120.98175,30017
Barangay 209,Tondo,1380601210,14.62475,120.98165,62686
Barangay 210,Tondo,1380601211,14.62668,120.98250,36286
Barangay 211,Tondo,1380601212,14.62663,120.98127,31124
Barangay 212,Tondo,1380601213,14.62639,120.97948,29165
Barangay 213,Tondo,1380601214,14.62490,120.97683,31891
Barangay 214,Tondo,1380601215,14.62594,120.97625,15913
Barangay 215,Tondo,1380601216,14.62637,120.97795,17725
Barangay 216,Tondo,1380601217,14.62453,120.97786,31667
Barangay 217,Tondo,1380601218,14.62449,120.97585,27986
Barangay 218,Tondo,1380601219,14.62286,120.97572,22456
Barangay 219,Tondo,1380601220,14.62423,120.97896,36805
Barangay 220,Tondo,1380601221,14.62393,120.98061,53604
Barangay 221,Tondo,1380601222,14.62072,120.97590,24983
Barangay 222,Tondo,1380601223,14.61906,120.97624,17307
Barangay 223,Tondo,1380601224,14.62018,120.97839,18951
Barangay 224,Tondo,1380601225,14.62195,120.97874,37787
Barangay 225,Tondo,1380601226,14.61803,120.97846,15628
Barangay 226,Tondo,1380601227,14.61802,120.97787,24542
Barangay 227,Tondo,1380601228,14.62206,120.97716,46394
Barangay 228,Tondo,1380601229,14.62185,120.97571,15180
Barangay 229,Tondo,1380601230,14.61817,120.97725,18663
Barangay 230,Tondo,1380601231,14.61818,120.97683,10951
Barangay 231,Tondo,1380601232,14.62013,120.97667,24218
Barangay 232,Tondo,1380601233,14.61853,120.97502,37491
Barangay 233,Tondo,1380601234,14.61764,120.97600,21297
Barangay 234,Tondo,1380601235,14.61641,120.97519,41297
Barangay 235,Tondo,1380601236,14.61524,120.97661,24260
Barangay 236,Tondo,1380601237,14.61536,120.97488,28493
Barangay 237,Tondo,1380601238,14.61459,120.97467,22235
Barangay 238,Tondo,1380601239,14.60920,120.97541,16535
Barangay 239,Tondo,1380601240,14.61334,120.97577,22683
Barangay 240,Tondo,1380601241,14.60725,120.97498,13568
Barangay 241,Tondo,1380601242,14.61247,120.97381,86218
Barangay 242,Tondo,1380601243,14.60830,120.97465,23656
Barangay 243,Tondo,1380601244,14.61149,120.97476,14802
Barangay 244,Tondo,1380601245,14.61149,120.97526,13247
Barangay 245,Tondo,1380601246,14.60877,120.97411,10058
Barangay 246,Tondo,1380601247,14.61142,120.97581,18671
Barangay 247,Tondo,1380601248,14.60738,120.97389,14172
Barangay 248,Tondo,1380601249,14.60985,120.97436,8552
Barangay 249,Tondo,1380601250,14.61596,120.97761,14760
Barangay 250,Tondo,1380601251,14.60993,120.97677,35035
Barangay 251,Tondo,1380601252,14.61456,120.97761,9583
Barangay 252,Tondo,1380601253,14.61455,120.97704,8798
Barangay 253,Tondo,1380601254,14.61365,120.97791,23689
Barangay 254,Tondo,1380601255,14.61188,120.97706,48463
Barangay 255,Tondo,1380601256,14.61414,120.97884,22586
Barangay 256,Tondo,1380601257,14.61566,120.97862,21359
Barangay 257,Tondo,1380601258,14.61133,120.97840,11424
Barangay 258,Tondo,1380601259,14.61241,120.97854,21945
Barangay 259,Tondo,1380601260,14.60748,120.97619,67435
Barangay 260,Tondo,1380601261,14.60617,120.97807,39569
Barangay 261,Tondo,1380601262,14.60984,120.98005,15447
Barangay 262,Tondo,1380601263,14.60898,120.97839,44718
Barangay 263,Tondo,1380601264,14.60799,120.97899,15021
Barangay 264,Tondo,1380601265,14.61037,120.97906,25873
Barangay 265,Tondo,1380601266,14.61133,120.97979,14770
Barangay 266,Tondo,1380601267,14.60663,120.97713,27152
Barangay 267,Tondo,1380601268,14.61242,120.97963,12972
Barangay 268,San Nicolas,1380604001,14.60427,120.97103,43704
Barangay 269,San Nicolas,1380604002,14.60376,120.96974,42118
Barangay 270,San Nicolas,1380604003,14.60168,120.96836,37142
Barangay 271,San Nicolas,1380604004,14.60198,120.96980,61202
Barangay 272,San Nicolas,1380604005,14.59975,120.96741,19744
Barangay 273,San Nicolas,1380604006,14.59929,120.96786,20283
Barangay 274,San Nicolas,1380604007,14.60068,120.96673,12090
Barangay 275,San Nicolas,1380604008,14.59771,120.96272,269378
Barangay 276,San Nicolas,1380604009,14.60107,120.96741,20729
Barangay 281,San Nicolas,1380604014,14.60008,120.97150,92815
Barangay 282,San Nicolas,1380604015,14.59715,120.97317,111044
Barangay 283,San Nicolas,1380604016,14.59733,120.96870,50231
Barangay 284,San Nicolas,1380604017,14.59807,120.96962,53290
Barangay 285,San Nicolas,1380604018,14.59752,120.97092,54945
Barangay 286,San Nicolas,1380604019,14.59713,120.96732,45887
Barangay 287,Binondo,1380602001,14.59909,120.97409,127737
Barangay 288,Binondo,1380602002,14.60078,120.97465,37015
Barangay 289,Binondo,1380602003,14.59892,120.97563,44440
Barangay 290,Binondo,1380602004,14.59942,120.97724,57476
Barangay 291,Binondo,1380602005,14.59747,120.97817,106226
Barangay 292,Binondo,1380602006,14.60349,120.97490,53605
Barangay 293,Binondo,1380602007,14.60458,120.97309,127198
Barangay 294,Binondo,1380602008,14.60466,120.97649,50688
Barangay 295,Binondo,1380602009,14.60281,120.97692,25827
Barangay 296,Binondo,1380602010,14.60219,120.97557,34948
Barangay 297,Santa Cruz,1380605001,14.60113,120.97728,32718
Barangay 298,Santa Cruz,1380605002,14.60046,120.97904,34469
Barangay 299,Santa Cruz,1380605003,14.60358,120.97850,32117
Barangay 300,Santa Cruz,1380605004,14.60205,120.97800,12915
Barangay 301,Santa Cruz,1380605005,14.60232,120.97952,17674
Barangay 302,Santa Cruz,1380605006,14.60182,120.97895,10261
Barangay 303,Santa Cruz,1380605007,14.59970,120.98062,64979
Barangay 304,Santa Cruz,1380605008,14.60267,120.98133,27911
Barangay 305,Santa Cruz,1380605009,14.60281,120.98012,37421
Barangay 306,Quiapo,1380603015,14.59744,120.98212,101000
Barangay 307,Quiapo,1380603016,14.59963,120.98296,72494
Barangay 308,Quiapo,1380603017,14.60202,120.98419,39940
Barangay 309,Quiapo,1380603018,14.60216,120.98271,60523
Barangay 310,Santa Cruz,1380605012,14.60461,120.98382,86448
Barangay 311,Santa Cruz,1380605013,14.60669,120.98465,45864
Barangay 312,Santa Cruz,1380605014,14.60651,120.98276,36189
Barangay 313,Santa Cruz,1380605015,14.60469,120.98030,54141
Barangay 314,Santa Cruz,1380605016,14.60595,120.98044,52832
Barangay 315,Santa Cruz,1380605017,14.60853,120.98459,68016
Barangay 316,Santa Cruz,1380605018,14.60866,120.98271,19311
Barangay 317,Santa Cruz,1380605019,14.61131,120.98529,24766
Barangay 318,Santa Cruz,1380605020,14.61016,120.98465,12660
Barangay 319,Santa Cruz,1380605021,14.61010,120.98561,17070
Barangay 320,Santa Cruz,1380605022,14.61145,120.98342,24321
Barangay 321,Santa Cruz,1380605023,14.61028,120.98284,12977
Barangay 322,Santa Cruz,1380605024,14.61022,120.98375,15127
Barangay 323,Santa Cruz,1380605025,14.61237,120.98538,23746
Barangay 324,Santa Cruz,1380605026,14.61248,120.98391,12460
Barangay 325,Santa Cruz,1380605027,14.61255,120.98300,9863
Barangay 326,Santa Cruz,1380605028,14.61040,120.98094,12343
Barangay 327,Santa Cruz,1380605029,14.61218,120.98072,30559
Barangay 328,Santa Cruz,1380605030,14.60927,120.98076,11546
Barangay 329,Santa Cruz,1380605031,14.60770,120.98083,16279
Barangay 330,Santa Cruz,1380605032,14.60759,120.97994,27351
Barangay 331,Santa Cruz,1380605033,14.61495,120.98103,138115
Barangay 332,Santa Cruz,1380605034,14.60923,120.98180,12448
Barangay 333,Santa Cruz,1380605035,14.61035,120.98189,16510
Barangay 334,Santa Cruz,1380605036,14.61212,120.98194,30382
Barangay 335,Santa Cruz,1380605037,14.60764,120.98168,28610
Barangay 336,Santa Cruz,1380605038,14.61621,120.98376,32512
Barangay 337,Santa Cruz,1380605039,14.61489,120.98366,28818
Barangay 338,Santa Cruz,1380605040,14.61476,120.98558,28703
Barangay 339,Santa Cruz,1380605041,14.61365,120.98359,27481
Barangay 340,Santa Cruz,1380605042,14.61351,120.98548,28547
Barangay 341,Santa Cruz,1380605043,14.61613,120.98559,33256
Barangay 342,Santa Cruz,1380605044,14.61389,120.98721,57029
Barangay 343,Santa Cruz,1380605045,14.61562,120.98802,41535
Barangay 344,Santa Cruz,1380605046,14.61747,120.98402,34990
Barangay 345,Santa Cruz,1380605047,14.61992,120.98383,29478
Barangay 346,Santa Cruz,1380605048,14.61868,120.98381,29458
Barangay 347,Santa Cruz,1380605049,14.62116,120.98387,29658
Barangay 348,Santa Cruz,1380605050,14.62226,120.98388,22716
Barangay 349,Santa Cruz,1380605051,14.62223,120.98575,13873
Barangay 350,Santa Cruz,1380605052,14.61952,120.98628,155315
Barangay 351,Santa Cruz,1380605053,14.61990,120.98820,50931
Barangay 352,Santa Cruz,1380605054,14.61716,120.98839,35632
Barangay 353,Santa Cruz,1380605055,14.61736,120.98134,49026
Barangay 354,Santa Cruz,1380605056,14.61873,120.98141,41672
Barangay 355,Santa Cruz,1380605057,14.61797,120.97935,45296
Barangay 356,Santa Cruz,1380605058,14.62231,120.98196,20734
Barangay 357,Santa Cruz,1380605059,14.62120,120.98218,20559
Barangay 358,Santa Cruz,1380605060,14.61996,120.98215,20184
Barangay 359,Santa Cruz,1380605061,14.62241,120.98028,19233
Barangay 360,Santa Cruz,1380605062,14.62125,120.98043,31438
Barangay 361,Santa Cruz,1380605063,14.62000,120.98077,20512
Barangay 362,Santa Cruz,1380605064,14.62003,120.97950,17158
Barangay 363,Santa Cruz,1380605065,14.62373,120.98390,23866
Barangay 364,Santa Cruz,1380605066,14.62332,120.98597,22403
Barangay 365,Santa Cruz,1380605067,14.62312,120.98453,19178
Barangay 366,Santa Cruz,1380605069,14.62482,120.98374,22372
Barangay 367,Santa Cruz,1380605070,14.62477,120.98555,31046
Barangay 368,Santa Cruz,1380605071,14.62188,120.98837,26193
Barangay 369,Santa Cruz,1380605072,14.62318,120.98708,22384
Barangay 370,Santa Cruz,1380605073,14.62460,120.98733,20053
Barangay 371,Santa Cruz,1380605074,14.62331,120.98832,24860
Barangay 372,Santa Cruz,1380605075,14.63195,120.98949,543954
Barangay 373,Santa Cruz,1380605076,14.63025,120.98331,19628
Barangay 374,Santa Cruz,1380605077,14.63073,120.98232,26449
Barangay 375,Santa Cruz,1380605078,14.62931,120.98361,17423
Barangay 376,Santa Cruz,1380605079,14.62634,120.98736,43494
Barangay 377,Santa Cruz,1380605080,14.62770,120.98543,15112
Barangay 378,Santa Cruz,1380605081,14.62854,120.98451,24594
Barangay 379,Santa Cruz,1380605082,14.62575,120.98629,9492
Barangay 380,Santa Cruz,1380605083,14.62615,120.98539,14566
Barangay 381,Santa Cruz,1380605084,14.62606,120.98400,29750
Barangay 382,Santa Cruz,1380605085,14.62748,120.98383,33079
Barangay 383,Quiapo,1380603003,14.59725,120.98458,20481
Barangay 384,Quiapo,1380603004,14.59583,120.98412,58111
Barangay 385,Quiapo,1380603005,14.59588,120.98746,74177
Barangay 386,Quiapo,1380603006,14.59487,120.98979,73952
Barangay 387,Quiapo,1380603007,14.59714,120.98769,36236
Barangay 388,Quiapo,1380603008,14.59788,120.98843,25151
Barangay 389,Quiapo,1380603009,14.59815,120.99042,41021
Barangay 390,Quiapo,1380603010,14.60004,120.98931,65380
Barangay 391,Quiapo,1380603011,14.60100,120.98620,63771
Barangay 392,Quiapo,1380603012,14.60151,120.98697,29643
Barangay 393,Quiapo,1380603013,14.59869,120.98654,93098
Barangay 394,Quiapo,1380603014,14.59989,120.98513,26600
Barangay 395,Sampaloc,1380606001,14.60352,120.98693,97291
Barangay 396,Sampaloc,1380606002,14.60468,120.98879,45045
Barangay 397,Sampaloc,1380606003,14.60632,120.99030,41234
Barangay 398,Sampaloc,1380606004,14.60558,120.99154,20118
Barangay 399,Sampaloc,1380606005,14.60474,120.99042,15698
Barangay 400,Sampaloc,1380606006,14.60366,120.99066,21341
Barangay 401,Sampaloc,1380606007,14.60399,120.99213,36900
Barangay 402,Sampaloc,1380606008,14.60233,120.99226,29438
Barangay 403,Sampaloc,1380606009,14.60191,120.99117,22901
Barangay 404,Sampaloc,1380606010,14.60213,120.98971,70545
Barangay 405,Sampaloc,1380606011,14.60500,120.99358,16187
Barangay 406,Sampaloc,1380606012,14.60571,120.99408,9618
Barangay 407,Sampaloc,1380606013,14.60373,120.99452,28874
Barangay 408,Sampaloc,1380606014,14.60413,120.99544,24683
Barangay 409,Sampaloc,1380606015,14.60190,120.99729,29345
Barangay 410,Sampaloc,1380606016,14.60063,120.99717,43773
Barangay 411,Sampaloc,1380606017,14.60288,120.99709,31597
Barangay 412,Sampaloc,1380606018,14.60080,120.99462,34503
Barangay 413,Sampaloc,1380606019,14.60165,120.99512,17219
Barangay 414,Sampaloc,1380606020,14.60236,120.99505,16372
Barangay 415,Sampaloc,1380606021,14.60292,120.99387,23571
Barangay 416,Sampaloc,1380606022,14.60124,120.99266,28416
Barangay 417,Sampaloc,1380606023,14.60412,120.99994,23949
Barangay 418,Sampaloc,1380606024,14.60237,121.00060,37107
Barangay 419,Sampaloc,1380606025,14.60341,120.99883,21917
Barangay 420,Sampaloc,1380606026,14.60163,120.99922,38102
Barangay 421,Sampaloc,1380606027,14.60411,121.00305,29689
Barangay 422,Sampaloc,1380606028,14.60546,121.00234,27951
Barangay 423,Sampaloc,1380606029,14.60461,121.00136,28585
Barangay 424,Sampaloc,1380606030,14.60270,121.00164,33098
Barangay 425,Sampaloc,1380606031,14.60250,121.00338,48825
Barangay 426,Sampaloc,1380606032,14.60227,121.00681,31159
Barangay 427,Sampaloc,1380606033,14.60272,121.00471,19196
Barangay 428,Sampaloc,1380606034,14.60355,121.00519,28492
Barangay 429,Sampaloc,1380606035,14.60712,120.99594,22891
Barangay 430,Sampaloc,1380606036,14.60615,120.99455,12516
Barangay 431,Sampaloc,1380606037,14.60667,120.99511,14274
Barangay 432,Sampaloc,1380606038,14.60617,120.99748,56032
Barangay 433,Sampaloc,1380606039,14.60444,120.99592,12337
Barangay 434,Sampaloc,1380606040,14.60563,120.99600,20234
Barangay 435,Sampaloc,1380606041,14.60447,120.99693,25594
Barangay 436,Sampaloc,1380606042,14.60486,120.99911,20907
Barangay 437,Sampaloc,1380606043,14.60599,121.00061,17767
Barangay 438,Sampaloc,1380606044,14.60663,120.99945,12723
Barangay 439,Sampaloc,1380606045,14.60599,120.99884,17887
Barangay 440,Sampaloc,1380606046,14.60817,120.99897,12432
Barangay 441,Sampaloc,1380606047,14.60922,120.99797,12685
Barangay 442,Sampaloc,1380606048,14.60978,120.99857,16255
Barangay 443,Sampaloc,1380606049,14.60873,120.99959,16117
Barangay 444,Sampaloc,1380606050,14.60768,121.00059,16147
Barangay 445,Sampaloc,1380606051,14.60712,120.99999,12773
Barangay 446,Sampaloc,1380606052,14.60669,121.00154,14056
Barangay 447,Sampaloc,1380606053,14.60874,120.99743,13034
Barangay 448,Sampaloc,1380606054,14.60754,120.99832,18339
Barangay 449,Sampaloc,1380606055,14.60819,120.99679,16540
Barangay 450,Sampaloc,1380606056,14.61129,120.99710,33818
Barangay 451,Sampaloc,1380606057,14.61114,120.99631,19440
Barangay 452,Sampaloc,1380606058,14.61089,120.99533,21514
Barangay 453,Sampaloc,1380606059,14.60980,120.99639,19994
Barangay 454,Sampaloc,1380606060,14.61016,120.99451,19821
Barangay 455,Sampaloc,1380606061,14.60905,120.99559,18637
Barangay 456,Sampaloc,1380606062,14.60886,120.99452,24721
Barangay 457,Sampaloc,1380606063,14.60751,120.99278,24532
Barangay 458,Sampaloc,1380606064,14.60596,120.99266,34067
Barangay 459,Sampaloc,1380606065,14.60743,120.99151,20457
Barangay 460,Sampaloc,1380606066,14.60835,120.99314,34004
Barangay 461,Sampaloc,1380606067,14.60852,120.99396,22066
Barangay 462,Sampaloc,1380606068,14.60581,120.98731,24558
Barangay 463,Sampaloc,1380606069,14.60707,120.98654,13303
Barangay 464,Sampaloc,1380606070,14.60577,120.98605,24035
Barangay 465,Sampaloc,1380606071,14.60805,120.98760,12882
Barangay 466,Sampaloc,1380606072,14.60880,120.98652,18777
Barangay 467,Sampaloc,1380606073,14.60757,120.98706,12406
Barangay 468,Sampaloc,1380606074,14.60647,120.98812,13362
Barangay 469,Sampaloc,1380606075,14.60696,120.98867,14050
Barangay 470,Sampaloc,1380606076,14.61013,120.98946,273125
Barangay 471,Sampaloc,1380606077,14.61130,120.98701,35890
Barangay 472,Sampaloc,1380606078,14.61417,120.99437,16401
Barangay 473,Sampaloc,1380606079,14.61308,120.99542,17378
Barangay 474,Sampaloc,1380606080,14.61505,120.99317,25393
Barangay 475,Sampaloc,1380606081,14.61304,120.99430,26128
Barangay 476,Sampaloc,1380606082,14.61249,120.99368,33127
Barangay 477,Sampaloc,1380606083,14.61411,120.99214,22776
Barangay 478,Sampaloc,1380606084,14.61206,120.99292,25708
Barangay 479,Sampaloc,1380606085,14.61116,120.99236,50326
Barangay 480,Sampaloc,1380606086,14.61338,120.99133,15675
Barangay 481,Sampaloc,1380606087,14.61271,120.99061,18788
Barangay 482,Sampaloc,1380606088,14.61744,120.98942,16383
Barangay 483,Sampaloc,1380606089,14.61829,120.99020,22994
Barangay 484,Sampaloc,1380606090,14.61930,120.98937,17152
Barangay 485,Sampaloc,1380606091,14.61722,120.99120,22521
Barangay 486,Sampaloc,1380606092,14.61641,120.99032,19320
Barangay 487,Sampaloc,1380606093,14.61615,120.99221,22718
Barangay 488,Sampaloc,1380606094,14.61529,120.99126,22202
Barangay 489,Sampaloc,1380606095,14.61443,120.99030,22651
Barangay 490,Sampaloc,1380606096,14.61406,120.98937,21698
Barangay 491,Sampaloc,1380606097,14.61580,120.98946,21915
Barangay 492,Sampaloc,1380606098,14.62401,120.99027,30223
Barangay 493,Sampaloc,1380606099,14.62505,120.98963,19621
Barangay 494,Sampaloc,1380606100,14.62217,120.99231,43738
Barangay 495,Sampaloc,1380606101,14.62313,120.99123,37446
Barangay 496,Sampaloc,1380606102,14.62161,120.99388,25350
Barangay 497,Sampaloc,1380606103,14.62192,120.98967,37822
Barangay 498,Sampaloc,1380606104,14.62070,120.99286,21814
Barangay 499,Sampaloc,1380606105,14.61914,120.99114,21359
Barangay 500,Sampaloc,1380606106,14.62057,120.99053,40005
Barangay 501,Sampaloc,1380606107,14.61992,120.99198,18696
Barangay 502,Sampaloc,1380606108,14.61464,120.99714,17526
Barangay 503,Sampaloc,1380606109,14.61386,120.99628,26229
Barangay 504,Sampaloc,1380606110,14.61562,120.99596,21903
Barangay 505,Sampaloc,1380606111,14.61484,120.99510,18374
Barangay 506,Sampaloc,1380606112,14.61680,120.99509,16128
Barangay 507,Sampaloc,1380606113,14.61602,120.99422,24471
Barangay 508,Sampaloc,1380606114,14.61780,120.99401,18883
Barangay 509,Sampaloc,1380606115,14.61702,120.99315,21860
Barangay 510,Sampaloc,1380606116,14.61886,120.99300,18586
Barangay 511,Sampaloc,1380606117,14.61808,120.99213,21695
Barangay 512,Sampaloc,1380606118,14.61715,120.99939,55096
Barangay 513,Sampaloc,1380606119,14.61713,120.99803,34645
Barangay 514,Sampaloc,1380606120,14.61883,120.99513,34126
Barangay 515,Sampaloc,1380606121,14.61941,120.99692,42738
Barangay 516,Sampaloc,1380606122,14.62086,120.99524,17137
Barangay 517,Sampaloc,1380606123,14.61538,120.99795,24011
Barangay 518,Sampaloc,1380606124,14.61988,120.99412,34596
Barangay 519,Sampaloc,1380606125,14.61648,120.99689,21778
Barangay 520,Sampaloc,1380606126,14.61783,120.99622,37299
Barangay 521,Sampaloc,1380606127,14.61207,120.99789,44258
Barangay 522,Sampaloc,1380606128,14.61288,120.99831,19905
Barangay 523,Sampaloc,1380606129,14.61308,120.99903,24903
Barangay 524,Sampaloc,1380606130,14.61379,120.99923,24832
Barangay 525,Sampaloc,1380606131,14.61362,121.00060,26443
Barangay 526,Sampaloc,1380606132,14.61466,120.99959,12757
Barangay 527,Sampaloc,1380606133,14.61403,121.00246,20581
Barangay 528,Sampaloc,1380606134,14.61524,121.00029,22578
Barangay 529,Sampaloc,1380606135,14.61437,121.00165,15128
Barangay 530,Sampaloc,1380606136,14.61614,121.00101,25257
Barangay 531,Sampaloc,1380606137,14.61534,121.00260,24847
Barangay 532,Sampaloc,1380606138,14.61281,121.00150,13784
Barangay 533,Sampaloc,1380606139,14.61303,121.00264,12617
Barangay 534,Sampaloc,1380606140,14.61211,121.00312,17491
Barangay 535,Sampaloc,1380606141,14.61179,121.00206,13071
Barangay 536,Sampaloc,1380606142,14.61283,121.00412,15687
Barangay 537,Sampaloc,1380606143,14.61394,121.00369,16692
Barangay 538,Sampaloc,1380606144,14.61371,121.00464,12227
Barangay 539,Sampaloc,1380606145,14.61103,121.00380,54091
Barangay 540,Sampaloc,1380606146,14.61268,121.00523,22166
Barangay 541,Sampaloc,1380606147,14.61235,121.00617,13723
Barangay 542,Sampaloc,1380606148,14.60941,121.00032,12074
Barangay 543,Sampaloc,1380606149,14.61046,120.99930,12138
Barangay 544,Sampaloc,1380606150,14.60855,121.00054,13582
Barangay 545,Sampaloc,1380606151,14.60882,121.00222,10847
Barangay 546,Sampaloc,1380606152,14.60788,121.00288,15900
Barangay 547,Sampaloc,1380606153,14.61143,121.00103,27931
Barangay 548,Sampaloc,1380606154,14.61107,120.99983,14529
Barangay 549,Sampaloc,1380606155,14.60979,121.00367,13925
Barangay 550,Sampaloc,1380606156,14.60835,121.00134,12056
Barangay 551,Sampaloc,1380606157,14.60730,121.00237,12278
Barangay 552,Sampaloc,1380606158,14.60899,121.00315,16957
Barangay 553,Sampaloc,1380606159,14.60937,121.00184,10485
Barangay 554,Sampaloc,1380606160,14.61018,121.00114,27853
Barangay 555,Sampaloc,1380606161,14.61138,121.00796,17284
Barangay 556,Sampaloc,1380606162,14.61109,121.00764,13753
Barangay 557,Sampaloc,1380606163,14.61083,121.00738,12209
Barangay 558,Sampaloc,1380606164,14.61061,121.00711,14068
Barangay 559,Sampaloc,1380606165,14.61037,121.00685,14111
Barangay 560,Sampaloc,1380606166,14.60989,121.00958,15141
Barangay 561,Sampaloc,1380606167,14.61003,121.00656,21639
Barangay 562,Sampaloc,1380606168,14.60961,121.00623,21596
Barangay 563,Sampaloc,1380606169,14.60928,121.00594,13446
Barangay 564,Sampaloc,1380606170,14.60902,121.00570,15956
Barangay 565,Sampaloc,1380606171,14.60809,121.00611,32488
Barangay 566,Sampaloc,1380606172,14.60799,121.00803,28488
Barangay 567,Sampaloc,1380606173,14.60775,121.00559,34962
Barangay 568,Sampaloc,1380606174,14.60909,121.00893,20925
Barangay 569,Sampaloc,1380606175,14.60498,121.00807,20573
Barangay 570,Sampaloc,1380606176,14.60410,121.00601,38609
Barangay 571,Sampaloc,1380606177,14.60512,121.00556,21971
Barangay 572,Sampaloc,1380606178,14.60612,121.00634,15483
Barangay 573,Sampaloc,1380606179,14.60706,121.00385,15717
Barangay 574,Sampaloc,1380606180,14.60623,121.00475,17361
Barangay 575,Sampaloc,1380606181,14.60698,121.00535,14875
Barangay 576,Sampaloc,1380606182,14.60538,121.00405,36716
Barangay 577,Sampaloc,1380606183,14.60793,121.00427,11866
Barangay 578,Sampaloc,1380606184,14.60393,121.00910,25351
Barangay 579,Sampaloc,1380606185,14.60276,121.00929,29973
Barangay 580,Sampaloc,1380606186,14.60408,121.00736,22758
Barangay 581,Sampaloc,1380606187,14.60489,121.01045,180403
Barangay 582,Sampaloc,1380606188,14.60907,121.01068,13326
Barangay 583,Sampaloc,1380606189,14.60846,121.00995,10915
Barangay 584,Sampaloc,1380606190,14.60726,121.01181,100236
Barangay 585,Sampaloc,1380606191,14.60474,121.01314,68039
Barangay 586,Sampaloc,1380606192,14.60437,121.01524,110175
Barangay 587,Sampaloc,1380606193,14.60117,121.01406,73143
Barangay 587-A,Sampaloc,1380606194,14.60202,121.01546,21910
Barangay 588,Sampaloc,1380606195,14.60074,121.01605,19580
Barangay 589,Sampaloc,1380606196,14.59872,121.01670,32678
Barangay 590,Sampaloc,1380606197,14.59816,121.01445,36188
Barangay 591,Sampaloc,1380606198,14.59911,121.01523,66659
Barangay 592,Sampaloc,1380606199,14.60049,121.01213,32373
Barangay 593,Sampaloc,1380606200,14.60150,121.01075,43871
Barangay 594,Sampaloc,1380606201,14.60326,121.01709,30319
Barangay 595,Sampaloc,1380606202,14.60247,121.01836,48619
Barangay 596,Sampaloc,1380606203,14.60146,121.01723,22237
Barangay 597,Sampaloc,1380606204,14.60102,121.01845,30422
Barangay 598,Sampaloc,1380606205,14.60006,121.02041,76705
Barangay 599,Sampaloc,1380606206,14.59959,121.01795,35834
Barangay 600,Sampaloc,1380606207,14.59820,121.01926,63608
Barangay 601,Sampaloc,1380606208,14.59795,121.02163,116157
Barangay 602,Sampaloc,1380606209,14.59613,121.02376,135057
Barangay 603,Sampaloc,1380606210,14.59662,121.01753,47607
Barangay 604,Sampaloc,1380606211,14.59399,121.02222,19947
Barangay 605,Sampaloc,1380606212,14.59546,121.02022,38439
Barangay 606,Sampaloc,1380606213,14.59469,121.02266,30624
Barangay 607,Sampaloc,1380606214,14.59358,121.02478,46946
Barangay 608,Sampaloc,1380606215,14.59156,121.02247,25740
Barangay 609,Sampaloc,1380606216,14.59160,121.02075,28588
Barangay 610,Sampaloc,1380606217,14.59320,121.01840,29215
Barangay 611,Sampaloc,1380606218,14.59537,121.01638,31817
Barangay 612,Sampaloc,1380606219,14.59390,121.02112,22140
Barangay 613,Sampaloc,1380606220,14.59352,121.01975,26132
Barangay 614,Sampaloc,1380606221,14.59279,121.01974,16493
Barangay 615,Sampaloc,1380606222,14.59533,121.01848,20329
Barangay 616,Sampaloc,1380606223,14.59324,121.02167,31203
Barangay 617,Sampaloc,1380606224,14.59260,121.02239,31316
Barangay 618,Sampaloc,1380606225,14.59124,121.02310,40291
Barangay 619,Sampaloc,1380606226,14.59203,121.01626,200776
Barangay 620,Sampaloc,1380606227,14.58991,121.02055,22377
Barangay 621,Sampaloc,1380606228,14.59590,121.01408,79239
Barangay 622,Sampaloc,1380606229,14.59099,121.01869,24743
Barangay 623,Sampaloc,1380606230,14.58940,121.01930,25349
Barangay 624,Sampaloc,1380606231,14.59034,121.01857,24271
Barangay 625,Sampaloc,1380606232,14.58903,121.01758,32014
Barangay 626,Sampaloc,1380606233,14.60083,121.00536,32781
Barangay 627,Sampaloc,1380606234,14.60088,121.00713,40293
Barangay 628,Sampaloc,1380606235,14.59868,121.00639,183683
Barangay 629,Sampaloc,1380606236,14.60105,121.00908,39327
Barangay 630,Sampaloc,1380606237,14.59729,121.01078,254942
Barangay 631,Sampaloc,1380606238,14.60023,121.00382,48811
Barangay 632,Sampaloc,1380606239,14.59975,121.00292,14578
Barangay 633,Sampaloc,1380606240,14.59990,121.00249,15526
Barangay 634,Sampaloc,1380606241,14.60032,121.00077,59226
Barangay 635,Sampaloc,1380606242,14.59856,121.00071,53191
Barangay 636,Sampaloc,1380606243,14.59709,121.00141,85123
Barangay 637,San Miguel,1380607001,14.59951,120.99730,31209
Barangay 638,San Miguel,1380607002,14.59904,120.99402,125195
Barangay 639,San Miguel,1380607003,14.59663,120.99617,30236
Barangay 640,San Miguel,1380607004,14.59805,120.99791,105461
Barangay 641,San Miguel,1380607005,14.59769,120.99220,87941
Barangay 642,San Miguel,1380607006,14.59591,120.99275,55846
Barangay 643,San Miguel,1380607007,14.59447,120.99395,131773
Barangay 644,San Miguel,1380607008,14.59334,120.99222,25004
Barangay 645,San Miguel,1380607009,14.59241,120.99117,84028
Barangay 646,San Miguel,1380607010,14.59244,120.98838,69576
Barangay 647,San Miguel,1380607011,14.59364,120.98513,115530
Barangay 648,San Miguel,1380607012,14.59381,120.98700,42221
Barangay 649,Port Area,1380613001,14.59077,120.95771,1100868
Barangay 650,Port Area,1380613002,14.58916,120.96854,105711
Barangay 651,Port Area,1380613003,14.58746,120.97001,173523
Barangay 652,Port Area,1380613004,14.58561,120.97145,95259
Barangay 653,Port Area,1380613005,14.58338,120.97073,295624
Barangay 654,Intramuros,1380609001,14.59280,120.97676,86788
Barangay 655,Intramuros,1380609002,14.59075,120.97367,200070
Barangay 656,Intramuros,1380609003,14.59404,120.97234,320791
Barangay 657,Intramuros,1380609004,14.58654,120.97770,326091
Barangay 658,Intramuros,1380609005,14.58963,120.97692,247982
Barangay 659,Ermita,1380608001,14.58886,120.98297,140234
Barangay 659-A,Ermita,1380608002,14.59329,120.98153,354830
Barangay 660,Ermita,1380608003,14.58730,120.98447,56248
Barangay 660-A,Ermita,1380608004,14.58451,120.98498,115975
Barangay 661,Ermita,1380608005,14.58828,120.98819,122029
Barangay 662,Paco,1380611001,14.58838,120.99293,132186
Barangay 663,Ermita,1380608013,14.58947,120.98655,51760
Barangay 663-A,Ermita,1380608014,14.59061,120.98865,75209
Barangay 664,Ermita,1380608015,14.58547,120.98781,142648
Barangay 664-A,Paco,1380611004,14.58678,120.99103,158219
Barangay 666,Ermita,1380608008,14.58211,120.97854,690115
Barangay 667,Ermita,1380608009,14.57792,120.97925,198981
Barangay 668,Ermita,1380608010,14.57523,120.98130,155731
Barangay 669,Ermita,1380608011,14.57695,120.98509,245150
Barangay 670,Ermita,1380608012,14.58022,120.98360,141812
Barangay 671,Paco,1380611005,14.58167,120.99311,33931
Barangay 672,Paco,1380611006,14.58331,120.99178,91279
Barangay 673,Paco,1380611007,14.57977,120.99230,84944
Barangay 674,Paco,1380611008,14.58200,120.98883,176749
Barangay 675,Paco,1380611009,14.57765,120.99018,85827
Barangay 676,Paco,1380611010,14.57965,120.98783,147338
Barangay 677,Paco,1380611011,14.58361,120.99398,64758
Barangay 678,Paco,1380611012,14.58269,120.99582,61291
Barangay 679,Paco,1380611013,14.57975,120.99439,45016
Barangay 680,Paco,1380611014,14.58079,120.99622,38054
Barangay 681,Paco,1380611015,14.57943,120.99628,34988
Barangay 682,Paco,1380611016,14.58045,120.99819,67828
Barangay 683,Paco,1380611017,14.57740,120.99567,19443
Barangay 684,Paco,1380611018,14.57764,120.99474,29787
Barangay 685,Paco,1380611019,14.57776,120.99677,45433
Barangay 686,Paco,1380611048,14.57614,120.99462,43098
Barangay 687,Paco,1380611049,14.57682,120.99315,34295
Barangay 688,Malate,1380610059,14.57453,120.99367,46821
Barangay 689,Malate,1380610004,14.57377,120.99271,24750
Barangay 690,Malate,1380610005,14.57398,120.99175,12755
Barangay 691,Malate,1380610006,14.57263,120.99251,14614
Barangay 692,Malate,1380610007,14.57184,120.99158,39904
Barangay 693,Malate,1380610008,14.57344,120.99073,27868
Barangay 694,Malate,1380610009,14.57537,120.99003,71417
Barangay 695,Malate,1380610010,14.57626,120.99182,47654
Barangay 696,Malate,1380610011,14.57386,120.98863,83480
Barangay 697,Malate,1380610012,14.57316,120.98714,85380
Barangay 698,Malate,1380610013,14.57246,120.98569,84746
Barangay 699,Malate,1380610014,14.57142,120.98336,195168
Barangay 700,Malate,1380610015,14.56908,120.98489,39345
Barangay 701,Malate,1380610016,14.56673,120.98563,191218
Barangay 702,Malate,1380610017,14.57003,120.98757,43427
Barangay 703,Malate,1380610018,14.57099,120.98989,58407
Barangay 704,Malate,1380610019,14.56787,120.98799,35826
Barangay 705,Malate,1380610020,14.56847,120.98875,22850
Barangay 706,Malate,1380610021,14.56928,120.98993,40193
Barangay 707,Malate,1380610022,14.56809,120.99039,4391
Barangay 708,Malate,1380610023,14.56646,120.99201,20107
Barangay 709,Malate,1380610024,14.56782,120.99232,43777
Barangay 710,Malate,1380610025,14.56745,120.99011,10389
Barangay 711,Malate,1380610026,14.56665,120.99064,8744
Barangay 712,Malate,1380610027,14.56761,120.99123,13129
Barangay 713,Malate,1380610028,14.56620,120.99147,5251
Barangay 714,Malate,1380610029,14.56866,120.99096,15470
Barangay 715,Malate,1380610030,14.56592,120.99063,5370
Barangay 716,Malate,1380610031,14.56572,120.99124,4869
Barangay 717,Malate,1380610032,14.56568,120.99184,2733
Barangay 718,Malate,1380610033,14.56519,120.99161,8367
Barangay 719,Malate,1380610034,14.56189,120.99062,496914
Barangay 720,Malate,1380610035,14.56396,120.98954,53271
Barangay 721,Malate,1380610036,14.56484,120.98785,133440
Barangay 722,Malate,1380610037,14.57203,120.99405,25941
Barangay 723,Malate,1380610038,14.57113,120.99289,22374
Barangay 724,Malate,1380610039,14.56955,120.99423,83028
Barangay 725,Malate,1380610040,14.56811,120.99310,52743
Barangay 726,Malate,1380610041,14.56747,120.99515,43181
Barangay 727,Malate,1380610042,14.56573,120.99540,57882
Barangay 728,Malate,1380610043,14.56412,120.99619,71319
Barangay 729,Malate,1380610044,14.56189,120.99608,31428
Barangay 730,Malate,1380610045,14.56256,120.99755,44977
Barangay 731,Malate,1380610046,14.57072,120.99660,36146
Barangay 732,Malate,1380610047,14.57014,120.99758,23130
Barangay 733,Malate,1380610048,14.56736,120.99701,40846
Barangay 734,Malate,1380610063,14.57615,120.99689,15012
Barangay 735,Malate,1380610060,14.57510,120.99755,22300
Barangay 736,Malate,1380610061,14.57501,120.99625,14540
Barangay 737,Malate,1380610062,14.57408,120.99798,12021
Barangay 738,Malate,1380610052,14.57302,120.99814,32784
Barangay 739,Malate,1380610053,14.57162,120.99794,25870
Barangay 740,Malate,1380610054,14.57304,120.99646,29923
Barangay 741,Malate,1380610055,14.57424,120.99629,14033
Barangay 742,Malate,1380610056,14.57412,120.99542,7507
Barangay 743,Malate,1380610057,14.57280,120.99505,37679
Barangay 744,Malate,1380610058,14.57016,120.99576,33564
Barangay 745,Santa Ana,1380614002,14.56773,120.99842,13613
Barangay 746,Santa Ana,1380614003,14.56681,120.99866,34304
Barangay 747,Santa Ana,1380614004,14.56986,121.00065,11614
Barangay 748,Santa Ana,1380614005,14.56891,121.00040,28680
Barangay 749,Santa Ana,1380614006,14.56838,121.00140,11595
Barangay 750,Santa Ana,1380614007,14.57152,120.99949,26172
Barangay 751,Santa Ana,1380614008,14.56991,120.99921,25024
Barangay 752,Santa Ana,1380614009,14.56786,120.99998,17044
Barangay 753,Santa Ana,1380614010,14.56930,120.99847,24225
Barangay 754,Santa Ana,1380614099,14.56850,120.99814,13277
Barangay 755,Santa Ana,1380614011,14.56313,120.99897,33579
Barangay 756,Santa Ana,1380614012,14.56402,121.00006,27244
Barangay 757,Santa Ana,1380614013,14.56471,121.00101,13665
Barangay 758,Santa Ana,1380614014,14.56550,121.00208,19149
Barangay 759,Santa Ana,1380614015,14.56679,121.00183,28147
Barangay 760,Santa Ana,1380614016,14.56619,121.00057,28566
Barangay 761,Santa Ana,1380614017,14.56556,120.99933,29242
Barangay 762,Santa Ana,1380614018,14.56496,120.99818,26539
Barangay 763,Santa Ana,1380614019,14.56879,121.00469,29159
Barangay 764,Santa Ana,1380614020,14.56751,121.00341,47883
Barangay 765,Santa Ana,1380614021,14.56976,121.00567,29254
Barangay 766,Santa Ana,1380614022,14.57060,121.00653,21585
Barangay 767,Santa Ana,1380614023,14.57134,121.00486,42116
Barangay 768,Santa Ana,1380614024,14.57007,121.00360,26123
Barangay 769,Santa Ana,1380614025,14.56897,121.00247,33821
Barangay 770,Santa Ana,1380614026,14.57284,121.00836,54728
Barangay 771,Santa Ana,1380614027,14.57375,121.00489,28730
Barangay 772,Santa Ana,1380614028,14.57385,121.00624,31516
Barangay 773,Santa Ana,1380614029,14.57442,121.00669,26911
Barangay 774,Santa Ana,1380614030,14.57553,121.00664,18878
Barangay 775,Santa Ana,1380614031,14.57193,121.00672,48424
Barangay 776,Santa Ana,1380614032,14.57512,121.00936,31496
Barangay 777,Santa Ana,1380614033,14.57653,121.00747,27989
Barangay 778,Santa Ana,1380614034,14.57366,121.01031,15573
Barangay 779,Santa Ana,1380614035,14.57458,121.00853,36889
Barangay 780,Santa Ana,1380614036,14.57690,121.00967,31703
Barangay 781,Santa Ana,1380614037,14.57780,121.00866,32800
Barangay 782,Santa Ana,1380614038,14.57606,121.01046,25179
Barangay 783,Santa Ana,1380614039,14.57514,121.01124,27088
Barangay 784,Santa Ana,1380614040,14.57624,121.00325,25172
Barangay 785,Santa Ana,1380614041,14.57526,121.00411,14371
Barangay 786,Santa Ana,1380614042,14.57519,121.00297,28587
Barangay 787,Santa Ana,1380614043,14.57684,121.00387,20087
Barangay 788,Santa Ana,1380614044,14.57805,121.00340,14168
Barangay 789,Santa Ana,1380614045,14.57811,121.00428,19726
Barangay 790,Santa Ana,1380614046,14.57720,121.00532,52336
Barangay 791,Santa Ana,1380614047,14.57787,121.00626,27466
Barangay 792,Santa Ana,1380614048,14.57873,121.00649,30287
Barangay 793,Santa Ana,1380614049,14.57931,121.00714,22997
Barangay 794,Santa Ana,1380614050,14.57556,121.00163,11919
Barangay 795,Santa Ana,1380614051,14.57545,121.00112,6159
Barangay 796,Santa Ana,1380614052,14.57533,121.00059,10809
Barangay 797,Santa Ana,1380614053,14.57466,121.00119,8056
Barangay 798,Santa Ana,1380614054,14.57391,121.00028,27752
Barangay 799,Santa Ana,1380614055,14.57413,120.99952,16173
Barangay 800,Santa Ana,1380614056,14.57489,120.99864,18770
Barangay 801,Santa Ana,1380614057,14.57420,121.00278,20629
Barangay 802,Santa Ana,1380614058,14.57342,121.00199,28292
Barangay 803,Santa Ana,1380614059,14.57223,121.00080,45443
Barangay 804,Santa Ana,1380614060,14.57288,121.00401,23549
Barangay 805,Santa Ana,1380614061,14.57217,121.00328,19467
Barangay 806,Santa Ana,1380614062,14.57136,121.00248,28831
Barangay 807,Santa Ana,1380614063,14.57035,121.00151,31320
Barangay 808,Santa Ana,1380614100,14.57736,120.99903,27631
Barangay 809,Paco,1380611023,14.57690,120.99982,19595
Barangay 810,Paco,1380611024,14.57591,120.99954,25047
Barangay 811,Paco,1380611025,14.57753,120.99827,33082
Barangay 812,Paco,1380611026,14.57796,121.00225,50962
Barangay 813,Paco,1380611027,14.57770,121.00076,22431
Barangay 814,Paco,1380611028,14.57959,121.00127,17034
Barangay 815,Paco,1380611029,14.57990,121.00064,28756
Barangay 816,Paco,1380611030,14.57939,121.00259,10623
Barangay 817,Paco,1380611031,14.57910,121.00166,8395
Barangay 818,Paco,1380611032,14.58153,121.00361,14217
Barangay 818-A,Santa Ana,1380614101,14.58156,121.00459,8319
Barangay 819,Paco,1380611034,14.58035,121.00410,14533
Barangay 820,Paco,1380611035,14.58065,121.00278,45087
Barangay 821,Paco,1380611036,14.58290,120.99837,13630
Barangay 822,Paco,1380611037,14.58383,120.99912,13549
Barangay 823,Paco,1380611038,14.58317,121.00017,17058
Barangay 824,Paco,1380611039,14.58211,120.99919,38739
Barangay 825,Paco,1380611040,14.58092,121.00043,59470
Barangay 826,Paco,1380611041,14.58505,120.99872,21213
Barangay 827,Paco,1380611042,14.58475,120.99653,112701
Barangay 828,Paco,1380611043,14.58678,120.99826,16253
Barangay 829,Paco,1380611044,14.58979,120.99610,168832
Barangay 830,Paco,1380611045,14.59371,120.99837,418692
Barangay 831,Paco,1380611046,14.58844,120.99791,172720
Barangay 832,Paco,1380611047,14.59159,121.00140,91242
Barangay 833,Pandacan,1380612001,14.59485,121.00391,63807
Barangay 834,Pandacan,1380612002,14.59463,121.00707,278307
Barangay 835,Pandacan,1380612003,14.59172,121.00781,93060
Barangay 836,Pandacan,1380612004,14.59386,121.01083,49947
Barangay 837,Pandacan,1380612005,14.59230,121.01354,64271
Barangay 838,Pandacan,1380612006,14.59284,121.01182,49713
Barangay 839,Pandacan,1380612007,14.59080,121.01345,95671
Barangay 840,Pandacan,1380612008,14.59134,121.01122,26580
Barangay 841,Pandacan,1380612009,14.58593,120.99975,41311
Barangay 842,Pandacan,1380612010,14.58672,121.00096,31515
Barangay 843,Pandacan,1380612011,14.58775,120.99920,28484
Barangay 844,Pandacan,1380612012,14.58835,121.00074,33288
Barangay 845,Pandacan,1380612013,14.58866,121.00152,17431
Barangay 846,Pandacan,1380612014,14.58922,121.00223,13872
Barangay 847,Pandacan,1380612015,14.59046,121.00331,40672
Barangay 848,Pandacan,1380612016,14.59181,121.00422,41058
Barangay 849,Pandacan,1380612017,14.58445,121.00031,12012
Barangay 850,Pandacan,1380612018,14.58495,121.00111,11768
Barangay 851,Pandacan,1380612019,14.58436,121.00174,23528
Barangay 852,Pandacan,1380612020,14.58380,121.00108,8782
Barangay 853,Pandacan,1380612021,14.58311,121.00097,7325
Barangay 855,Pandacan,1380612023,14.58495,121.00270,44178
Barangay 856,Pandacan,1380612024,14.58758,121.00266,39705
Barangay 857,Pandacan,1380612025,14.58577,121.00366,14989
Barangay 858,Pandacan,1380612026,14.58832,121.00345,14812
Barangay 859,Pandacan,1380612027,14.58762,121.00397,34360
Barangay 860,Pandacan,1380612028,14.58956,121.00681,18608
Barangay 861,Pandacan,1380612029,14.59045,121.00710,20558
Barangay 862,Pandacan,1380612030,14.58816,121.00564,43311
Barangay 863,Pandacan,1380612031,14.58938,121.00486,37580
Barangay 864,Pandacan,1380612032,14.58691,121.00477,19811
Barangay 865,Pandacan,1380612033,14.58868,121.00893,186471
Barangay 866,Santa Ana,1380614064,14.58284,121.00660,157426
Barangay 867,Pandacan,1380612034,14.58390,121.00500,29979
Barangay 868,Pandacan,1380612035,14.58448,121.00414,18448
Barangay 869,Pandacan,1380612039,14.58025,121.00507,24944
Barangay 870,Pandacan,1380612036,14.58266,121.00492,23694
Barangay 871,Pandacan,1380612037,14.58278,121.00382,12700
Barangay 872,Pandacan,1380612038,14.58286,121.00272,24152
Barangay 873,Santa Ana,1380614066,14.57984,121.01221,40737
Barangay 874,Santa Ana,1380614067,14.57746,121.01132,48772
Barangay 875,Santa Ana,1380614068,14.57852,121.01251,30772
Barangay 876,Santa Ana,1380614069,14.58134,121.01132,35660
Barangay 877,Santa Ana,1380614070,14.57979,121.00953,29506
Barangay 878,Santa Ana,1380614071,14.57901,121.01004,22334
Barangay 879,Santa Ana,1380614072,14.58205,121.01257,42620
Barangay 880,Santa Ana,1380614073,14.58098,121.00909,60591
Barangay 881,Santa Ana,1380614074,14.57681,121.01310,43245
Barangay 882,Santa Ana,1380614075,14.57823,121.01438,22388
Barangay 883,Santa Ana,1380614076,14.57937,121.01548,49624
Barangay 884,Santa Ana,1380614077,14.58085,121.01524,84084
Barangay 885,Santa Ana,1380614078,14.58225,121.01468,31749
Barangay 886,Santa Ana,1380614079,14.58287,121.01625,22290
Barangay 887,Santa Ana,1380614080,14.58294,121.01743,36029
Barangay 888,Santa Ana,1380614081,14.58451,121.01893,64873
Barangay 889,Santa Ana,1380614082,14.58373,121.01386,61239
Barangay 890,Santa Ana,1380614083,14.58503,121.01598,87221
Barangay 891,Santa Ana,1380614084,14.58607,121.01833,39312
Barangay 892,Santa Ana,1380614085,14.58705,121.02110,28239
Barangay 893,Santa Ana,1380614086,14.59074,121.02380,53748
Barangay 894,Santa Ana,1380614087,14.58782,121.02007,38020
Barangay 895,Santa Ana,1380614088,14.58872,121.02136,20805
Barangay 896,Santa Ana,1380614089,14.58722,121.01422,129261
Barangay 897,Santa Ana,1380614090,14.58755,121.01762,67333
Barangay 898,Santa Ana,1380614091,14.58762,121.01250,59618
Barangay 899,Santa Ana,1380614092,14.58696,121.01116,16540
Barangay 900,Santa Ana,1380614093,14.58400,121.01146,65119
Barangay 901,Santa Ana,1380614094,14.58682,121.01073,7529
Barangay 902,Santa Ana,1380614095,14.58677,121.01037,11896
Barangay 903,Santa Ana,1380614096,14.58666,121.00972,26132
Barangay 904,Santa Ana,1380614097,14.58548,121.01126,13171
Barangay 905,Santa Ana,1380614098,14.58461,121.00879,162866
