description,label
"Tubig na hanggang hita dito sa kalye namin, hindi na makalabas ang mga tao",flood
"The whole compound is underwater, we are on the roof with two kids",flood
"Bumaha bigla pagkatapos ng malakas na ulan, pasok na sa sala ang tubig",flood
"Road impassable due to flood near the underpass, cars are stalled",flood
"Mataas na ang tubig sa estero, malapit nang umapaw sa mga bahay",flood
"Hanggang bewang na po ang tubig, may lola kaming hindi makalakad",flood
"Flood waters rising quickly after the dam release, please send a rubber boat",flood
"Lubog na ang unang palapag, nasa bubong na kaming lahat",flood
"Stranded commuters sa Espana, baha hanggang tuhod",flood
"ang taas ng baha d2 sa amin di na kami makalikas pls help",flood
"Water is waist deep inside our house and still going up",flood
"Na-stranded kami sa second floor, tumataas pa rin ang tubig sa labas",flood
"Umapaw ang ilog Pasig, pinasok na ng tubig ang mga bahay sa tabing ilog",flood
"Knee deep flood sa Taft, hindi makadaan ang mga jeep",flood
"Our barangay is flooded again, the elderly need to be evacuated by boat",flood
"Malakas ang agos, inanod ang motor ko, baha na sa buong kalye",flood
"baha baha baha lagpas tuhod na",flood
"Tubig ulan pumasok sa bahay, hanggang dibdib na sa may kusina",flood
"We need rescue, flood is chest high and my mother can't swim",flood
"Nagbabaha na dito sa looban, wala nang madaanan palabas",flood
"Sunog sa ikalawang palapag ng paupahan, may mga tao pa sa loob",fire
"Smoke is pouring out of the apartment next door, I can smell something burning",fire
"Nagliliyab ang isang tricycle sa gilid ng kalsada",fire
"There are flames coming from the junk shop, it is spreading fast",fire
"Nasusunog ang linya ng kuryente, nagbabagang kable sa poste",fire
"may sunog d2 sa kanto bilis kumalat tulong",fire
"Fire at the residential area, houses made of light materials are burning",fire
"Sumiklab ang apoy sa karinderya dahil sa tumagas na gas",fire
"Building is full of smoke, fire alarm is ringing, people are running out",fire
"Apoy sa bubong ng kapitbahay, mukhang galing sa naiwang kandila",fire
"Malaking apoy sa bodega ng plastik, itim na itim ang usok",fire
"Car on fire in the parking lot, might reach the other vehicles",fire
"Nagkasunog sa squatters area, daan-daang pamilya ang apektado",fire
"LPG leak tapos biglang nag-apoy ang kalan, nasusunog na ang kusina namin",fire
"Smoke coming from the electrical room of the mall",fire
"Tinupok ng apoy ang tatlong bahay, patuloy pa ring kumakalat",fire
"nasusunog ung bahay ng kapitbahay nmin pls send firetruck",fire
"A transformer exploded and the sparks set the roof on fire",fire
"Umuusok ang aircon tapos nagliyab, kumalat sa kurtina",fire
"Fire sa third floor ng dorm, may mga estudyanteng nakulong sa loob",fire
"My mother suddenly can't speak and her arm is numb, I think it's a stroke",medical
"Lalaking nabangga ng jeep, duguan at hindi makabangon",medical
"Hindi makahinga ang sanggol, nangingitim na",medical
"An elderly neighbor is having difficulty breathing and is very pale",medical
"Nahimatay ang estudyante sa pila, hindi pa nagigising",medical
"Severe allergic reaction, his face is swelling and he is wheezing",medical
"Manganganak na ang asawa ko, pumutok na ang panubigan",medical
"May batang nalunod sa creek, nai-ahon na pero walang pulso",medical
"Chest pains and cold sweat, he has a history of heart attack",medical
"Nasaksak ang isang lalaki, maraming dugo ang nawawala",medical
"Lola ko nadulas sa banyo, masakit ang balakang, hindi makatayo",medical
"Child swallowed something and is choking",medical
"nahihirapan huminga si tatay may hika xa need ambulance",medical
"Mataas ang lagnat at nagdedeliryo ang pasyente",medical
"Man having convulsions on the sidewalk",medical
"Naputulan ng daliri sa makina, dumudugo nang husto",medical
"Diabetic po ang nanay ko, nanginginig at halos mawalan ng malay",medical
"Motorcycle accident, the rider is lying on the road and not moving",medical
"Inatake ng high blood ang lolo, nahihilo at nagsusuka",medical
"Food poisoning yata, limang tao ang nagsusuka at nanghihina",medical
"Gumuho ang bahagi ng lumang gusali, may mga batong nagkalat sa bangketa",structural
"The ceiling of the classroom fell down, luckily it was empty",structural
"Natumbang poste humarang sa buong kalye, nakalaylay ang mga kawad",structural
"Large crack appeared on the overpass, pieces of concrete are falling",structural
"Bumigay ang riprap sa tabi ng estero, nahulog ang bahagi ng kalsada",structural
"A crane fell at the construction site and hit the neighboring house",structural
"Nakaharang ang nabuwal na akasya sa daan, walang makadaan",structural
"Butas sa kalsada biglang lumaki, muntik nang mahulog ang isang kotse",structural
"The wall of the school fence is leaning dangerously over the sidewalk",structural
"nagiba ung pader sa likod bahay natabunan ung daanan",structural
"Bridge railing collapsed after a truck hit it, the bridge is shaking",structural
"Nabagsakan ng malaking sanga ang bubong ng bahay, wasak ang kisame",structural
"Fallen billboard frame blocking two lanes",structural
"Bitak-bitak na ang pader ng apartment pagkatapos ng lindol, natatakot kaming pumasok",structural
"Collapsed scaffolding is blocking the alley, steel pipes everywhere",structural
"Gumuhong lupa sa gilid ng riles, natabunan ang daan",structural
"Sira ang hagdan ng footbridge, may nakalawit na bakal",structural
"Part of the road sank near the drainage, it is getting wider",structural
"May gumuhong bahay na gawa sa kahoy, kailangan ng backhoe para alisin ang mga debris",structural
"Roof of the waiting shed was blown off and is hanging over the road",structural
